,title,lable,score,link,time,count,comments
0,华为励志音乐短片《梦想成真》,广告,7.8,http://www.vmovier.com/50105?from=index_new_img,2016/9/27,530,音乐已经盖过视频的风头了，就前面看了10几秒画面。后面几乎没看内容 华为在广告这方面真的属于世界品牌的调调 国内标杆了 优质MV，非常好的画面质感 还是支持小米 好像只有我一个人看哭了…… 故事很简单，也很俗套，配上有点伤感的音乐，结局也是能想到的，可是当看到最后，祖父听着孙女的琴声安详的逝去的时候，还是忍不住流下的眼泪。这样的配乐就好像是女主角在用自己的歌声诉说着自己的经历一样，很有感染力。 剪辑什么的就不吐槽了，我只想说音乐让这部片子升华了。 剪辑真心烂 国际范，支持中国品牌，华为让中国制造变为中国创造 华为不是中国的品牌！ 有国际品牌的调调 梗老但是还是会感动到人 因为无论何时都有人心怀梦想 依旧会有共鸣 大小姑娘都好看 歌好听好听，mv原谅我看不下去，没什么亮点 再看一下链家的广告片 那是什么啊｀｀｀ 难道只有我觉得音乐和视频不搭吗 额...只有我一个人觉得剪得很乱嘛... 还行啊，我一个非专业人士表示，能看懂，也没觉得乱 虽然mv拍的不是非常感人，但还是被感到到了 跟俄罗斯的潘婷广告很像，但是歌很好听 弄得我泪眼朦胧的 同时很佩服任老，40有余才创立华为，这才28年，带领华为创造了一个又一个奇迹。（有关华为的事迹各位朋友可以到知乎里面去找，比较详细） 真挺感动的，不仅是视频中的故事，还因为视频中的故事和背景音乐也同时诠释了华为，这个中国最大的民营企业，也是改变世界对中国、中国人、中国制造的看法，华为让世界知道中国、中国人也能研发并制造世界顶级的科技产品。支持华为，为中国争光，中华有为！ 想起光良的mv了 要不说这是华为的就不会想到，会来事了，华为。 
1,恶搞奥巴马退休生活短片《退休计划》,搞笑,7.3,http://www.vmovier.com/50108?from=index_new_img,2016/9/27,299,最后看到了杰瑞德莱托 卧槽。。。真的是奥巴马出演 我们的领导人是终身制啊，呵呵 营销做的不错 奥巴马推出政坛，可以去影坛秀秀，也可去ttttt 台走一走，要么就学克林顿，给老婆站台 每年都看看布什搞出来的记者会 各国文化思想不同。 真的是奥马巴 handsome 相比之下，我们的领导人，严肃了很多。?? 
2,法国二战题材短片《秋天的记忆》,剧情,7.8,http://www.vmovier.com/49997?from=index_new_img,2016/9/27,140,最后的最后2人幸福的在一起了 战争要想结束就必须有一方伤亡，换位思考，谁想死呢？在人性面前，这个老兵做出最正确的选择。 老兵 最后一幕亮了 为什么我看出了满满的基情急需去污粉哈哈哈哈 这根本都不现实，德法，那么大仇，试想想假如你是个中国军人遇到一个日本伤病，不打死他？ 国家之间的恩怨并不是一两个人就能决定的，人与人之间如果还存有善意，应不应该把它保存下来？ 你忘了军人只听命令吗？当整个世界就剩余你们两个人了，你们还要听吗？不想说什么 我祝福：世界和平 
3,国外创意定格动画《种子那点事儿》,动画,7.8,http://www.vmovier.com/49708?from=index_new_img,2016/9/27,37,
4,众星联唱约翰・列侬名曲《Imagine》,音乐,7.3,http://www.vmovier.com/50107?from=index_new_img,2016/9/27,263,好厉害的形式，整个做下来我都哭了。音乐的力量，明星的力量太大了。 关注 卧槽莫名触电了！！！！！！好棒 伟大的约翰列侬 为和平歌唱，祈祷 平的 自由 世界和平 活在梦里 
5,强开脑洞科幻短片《入侵之日》,科幻,7.7,http://www.vmovier.com/50060?from=index_new_img,2016/9/26,344,vv 那我小时候也发动过世界末日。。 曾经有一个系列的动画，这个转折有点类似，以为是空降兵其实是雪花，以为是打怪兽其实是去蛀牙 空降兵变??这个短片叫《白寡妇行动》，蛀牙变打怪兽的记不起来了?? 超能陆战队里的东西 强开的脑洞 fd 巴黎为什么有f-22~ 玩具嘛，异想天开咯 幕后不能看 这不是脑洞，这是套路。 只要有外星人来了，肯定都是不怀好意的，然后就是不惜一切代价把它打下来 看看三体。 说真的要不是加那层滤镜，特效真的不怎么样尤其那个太空船渲染的实在有些假 评论员都是世外高手啊，不敢苟同。一个一直在做，一个一直在说，区别还是很大的 特效早就秒杀国产了，请你拿出来你不假的作品。 你好~键盘侠 国产科幻片的特效就靠你了！ 好棒 可以，这很独立日 这小孩肯定是看过独立日的，哈哈 
6,迪拜国际电影节获奖短片《72公斤》,剧情,7.4,http://www.vmovier.com/50089?from=index_new_img,2016/9/26,766,4分钟无对话，故事却讲的清楚明白，这就是好的短片。  其实并不需要多好的器材，一部手机一台电脑足矣，也不需要太多的台词，好的故事自己会说话 手机拍的挺有层次啊 晚上还没有燥点 厉害 换个方式乞讨或许会更好，影片中表现得很好 尊重 故事前三分之二 还让人看得一头雾水 好故事 不用多说 就是拍摄比较槽 很好的内容，就是感觉制作还是粗糙了些 没理解其中的寓意。感觉抓心的东西还是少了，画面挺不错，讲述故事方式也值得学习。 看到最后瞬间懂了，尊重他人就是尊重自己 送出有尊严的善意、爱----- 无言的“渔” 小成本影片的一些启发，谢谢分享 启发就是主人公遇到什么事 最后用了什么意想不到的聪明方法解决了问题 你想想看 让人肃然起敬 这给流浪者们又指出了一条赚钱的路子啊 没有台词只是客观呈现反而更好，不然会显得有点作 不错。很有寓意 尽管拍摄手法有些粗糙，但是却不失为一个打动人的片子 授人以渔，赞 瞬间就正能量了 开头的天空有血灰暗，而结尾的天空则分外明朗 细节赞~ 
7,百年灵飞行舰队广告短片《志在蓝天》,广告,7.8,http://www.vmovier.com/49485?from=index_new_img,2016/9/26,181,背景音乐 鲲鹏之志九万里 还是当初看壮志凌云的时候，想当飞行员想疯了 青云之志 飞行表演团队 空军宣传片的直视感 莫名其妙的广告 翼装飞行那个好炫酷 我觉得可以啊，你看央视高铁那个花了多少钱，拍出个什么鬼？ 这辈子开飞机的梦想可能是实现不了了，要不要买块飞行腕表啊？ 
8,内涵丰富优质动画《娼妓与野兽》,动画,8.2,http://www.vmovier.com/50086?from=index_new_img,2016/9/26,255,世界这么大，清纯的看清纯，污的看污； 看得我目瞪口呆 我之前没有看简介的时候，自己的观后感是觉得从小孩子到大人的这个时间，木偶角色不断的重演。女的不断的被侮辱，王子一次次的拯救，怪兽死了却一次次的复活，继续他们的表演。这符合标题《娼妓与野兽》 说的不就是人， 小和大的想法种做法 妖或存有善良，人亦残有恶根， 心智的成熟变了味道，成长就是悲剧了 木偶的笑容是对我们最大的讽刺。 可悲 寓意深刻 唉，可悲 污 
9,越南手机旅拍《我要站在芽庄最高的礁石上朝着大海撒个野》,旅行,7.9,http://www.vmovier.com/50057?from=index_new_img,2016/9/26,157,手机的画质很美啊 节奏很好 曲子是啥 有镜头吗 喜欢这种乱切风格～ 请问你一下，你是用什么方法让视频这么清晰 现在很多手机支持4k拍摄了，不稀奇吧 我的是iPhone6，最高只能1080p，拍不了4k 有惬意，不见野 把胃口掉着掉着 就没了 好棒哦 调色不错，画面毫无美感... V电影的品控大不如前了。 
10,精致走心国产动画《未知星球》,动画,8.3,http://www.vmovier.com/50097?from=index_new_img,2016/9/25,714,
11,大神双板自由式滑雪短片《如翼滑行》,创意,7.8,http://www.vmovier.com/50081?from=index_new_img,2016/9/25,370,我想知道摄像头安在哪里，照镜子的时候也没看出来 耪ㄌd(?д??) 上天了上天了?? 耪ㄌ 无与伦比 威猛 我靠，玩命呢，不要命了。 这才是真正的高手呀！?? 自拍、自娱自乐，同乐 这位大神的双板滑真是自由式的自由式。哈哈哈 这才叫自由，啊哈哈 第一视角看的我有点晕车…… MY GOD 第一视角 虽然是故意设计的障碍 但依然好厉害 
12,感人父女情泰国广告《梦想》,广告,7.3,http://www.vmovier.com/50078?from=index_new_img,2016/9/25,283,表错白，这里应该是V电影我爱你，，，， 好奇心我爱你 我只好奇女主的真实性别 看着像陈意涵 评论都有点误解 他只是想表达 为他人考虑的意愿 关心身边人 自己忙碌为梦想奋斗的时候 往往会忽略身边重要的人 那立意是有的，但表达就不够到位了.... 很喜欢前半段，感谢父母的努力让我们有了为梦想奋斗的机会。 我觉得这广告没啥意义，片中女主角无论怎么选择都没有错，这一切选择都出自自愿的。 有失水准啊 倒是觉得有点中国孝道里的“孝养父母之志”的味道~ 点很奇怪啊~家族企业源于爱……？放弃女儿的梦想的必要性是…？聘请职业经理人不更好？ 
13,"GoPro新品高能混剪	《出逃大自然》",旅行,7.9,http://www.vmovier.com/50099?from=index_new_img,2016/9/25,459,山狗 生活必备啊 精彩！???????????? 不错不错 运动装备大比拼 那个萝莉好好看，好可爱，当然，妹子也不错。。。。 这个广角能接受 好看好看 电子高科技与运动的完美结合 运动、自然的广告告 让人心长草！蠢蠢欲动 求bgm Indian Summer 自然、运动、快乐 求插曲?? 这电音我喜欢 是什么歌 Indian Summer--Jai Wolf 
14,斗志燃烧赛车决胜时刻广告《一秒》,广告,7.3,http://www.vmovier.com/49444?from=index_new_img,2016/9/25,212,配乐有点像星际穿越 输不起的一秒是性命攸关 all for the second 这个视频99秒 我们能做多少事情。 一秒、一秒、一秒、多漫长的人生都由这一秒一秒连接成就 
15,高能视觉系特效短片《机械虫世界》,动画,7.8,http://www.vmovier.com/50051?from=index_new_img,2016/9/19,456,没有人类昆虫会生活得很好，没有了昆虫呢？ 咋不会变形呢？ 以后的森林只有机器么？！ 特效满分 人类智慧 感觉有点冷 厉害 可怕 并不关心未来的机器人会怎样，光这CG做得以假乱真就让人佩服 看得发麻。视频的内容在未来也就是小孩的玩具而已，因为机械生物没有任何可用性 高达的世界，机器人的世界 这大虫子好恶心啊 这技术真赞，只有几分钟却是慢慢的大片直视感 这才是烧钱嘛，看看那个所谓国产5亿特效大片是什么鬼？4.5亿都给了那几个花瓶明星了吧 国产的3d和cg也很厉害。。，不过你说的是那谁拍的片，哈哈，的确是，号称5亿，，结果就那特效，真是可以了。 外国人已经突破了技术上的障碍，剩下就看谁的创意和演技更牛B 未来世界 
16,经典HBO美剧集锦《把电视剧拍成电影》,混剪,7.4,http://www.vmovier.com/50062?from=index_new_img,2016/9/19,255,"最后的一首歌是 i love it hbo HBO出品必属精品 国内外眼界不同啊 术业有专攻 感觉现在的电视剧都在用三毛钱特效在圈钱 但是还是有慢慢的进步 然而有些电影只有电视剧水准.... 部部精品 HBO出品，必属精品 黑道家族 今天看2016艾美，HBO又是大赢家 觉得 寻 这个剧非常可惜被砍 当人家电视剧的制作往电影工业般的水准靠拢时，我们的大部分辣鸡电视剧还没播完电影版就已经上映圈钱了r(￣S￣"")q "
17,加拿大奇幻乐园主题广告《童心童趣》,广告,7.5,http://www.vmovier.com/49972?from=index_new_img,2016/9/19,154,看得我想再去一次迪士尼 童话的童心童趣，就是童话话可以任性地童话话 比我们当年参加比赛的飞机稿要好多了，还算可以接受，当然，更好的片子太多 剧情老套，特效负分 游乐园的生意主要是靠孩子赚父母的钱，兼顾了消费群体和使用群体，也能太“高端”，不然会不接地气 还行，凑合 还是那句老话，创造力固然重要，但是拥有实现的能力才是根本，不然一切都只是天方夜谭 上海迪士尼开业都好一阵了，也没见投过什么像样的广告片 和头脑特工队差太远，不过这只是小成本的商业广告片，已经过及格线路 现在能走心得广告不多，要么就是直白的产品叫卖，要么就是蹩脚的创意抄袭 正好国庆要去加拿大，也去安省感受一下 
18,链家感人广告《家的迁徙》,剧情,8.3,http://www.vmovier.com/50059?from=index_new_img,2016/9/19,462,反正我经常看山东卫视红会福娃娃............ 总而言之 都是买房害的 还是不要买房好 哈哈哈哈哈啊哈哈好 看方青卓的眼睛，我就哭了 编剧拙劣 有意煽情 却适得其反 我不懂为什么点赞 是没看过好的？感人不是有意渲染 而是一种实实在在的共鸣 我只能说拍的真不好！剧情拖沓 旁白无力 台词也是苍白 老套 装逼。请问你是哪位大导演 你有鸡眼吧 链家网打了个擦边球，画面不美，故事节奏拖拉。完全没必要旁白，有些多余。 链家，恋家 这就是现实啊！ 故事幽默，情感真挚，方青卓老师的表演很好。 看到了《推手》的影子，情感积累弱了一些，表现力和抒情方面没有很好的权衡。 的确！不过可能由于是广告片，很多感情表现的太出位了 这个感人，但是，想问哈，链家那个人开除没有！ 爱也需要智慧 拍脑袋做决定肯定失败 确实挺感人的，无奈的感觉 这调性客户不会有意见吗？ 有客户版压阵 水准有了，本子细节差些，衔接不自然。广告意识太突出了，没藏好或是根本没想藏，最终效果大打折扣。还有顺道黑了把中银联哦。可以看出导演有些王家卫的意思 你是干什么工作的？好有水准的样子 我是一个喜欢电影的无业装逼犯 有妈就有家 说假你真的...你开心就好 结尾感觉没有收住 题材不错，但拍得有点假，老妈跟小孩一样 老妈真的会像小孩噢 我倒是觉得老妈的表现很贴合实际 
19,声光电完美结合实验短片《光立方》,实验,7,http://www.vmovier.com/50061?from=index_new_img,2016/9/19,448,AMOLED屏幕专用，关灯看，闪瞎眼 梦幻大招，龟派气波(* ￣3)(ε￣ *) 很棒！ 有一束光好像总是歪的好抢戏…… 我一直期待它来个“大招” 然后就没有然后了?? 梦幻光林 绚丽的装逼 商机 刺激的幻象 实与虚 这灯光秀很配合音乐的节奏啊 运行后台的工程师小哥好忙啊 会产生幻觉的 嗯哪，幻觉在眼前 新感觉 夜店范儿 一场华丽的视觉盛宴 视觉冲击波。 视觉冲击力好强 洗刷刷，洗刷刷 看着白光，我不想眨眼 
20,迪士尼重磅动画《海洋奇缘》正式版预告片,预告,7.5,http://www.vmovier.com/50056?from=index_new_img,2016/9/18,654,古猿向两个分支进化，一支进化成你我这样的人类，还有一支进化成了猴子。动画片亦是如此，一支进化成迪斯尼、皮克斯这样的动画，还有一支“进化”成了《水果特攻》《水果总动员》《洗头强光头羊》这样的。。。，之所以后面的“进化”打上引号，是因为拿不定“返祖”这个词是否更恰当。 “返祖”也许是另一种“进化” 一看你就不是行业内的人 你以为我们不想做啊 TM也得有钱做啊 TM也得审核好过啊 你行你上阿 you can you up no can no BB 全是令人抓狂的流体跟毛发 想必又是动画菜鸟一个 只想求背景音乐 还是疯狂原始人好看 美国动画片都很没有灵魂，快餐 哪个有灵魂呢？ 那中国动画片？ 本该就学习的，你这个犀利的点评好像你做动画片很牛逼似的。当你真正能做出动画片，并且还能看的时候就不会说这样的话了 这很随缘 冰雪奇缘，海洋奇缘，再下面是不是就是天空？？ 期待天空。 很期待呢～～?? 这很迪士尼 奇缘奇缘奇缘奇的缘 一饱眼福。 期待！ 看起来还行吧 满满的 疯狂原始人既视感~~ 可理解为迪士尼-戏（海洋）的宣传片吧 迪斯尼出版必是精品 嗷呜！！！！！！喜欢喜欢！！要看 哇哇哇~~必须得去看！ 必须的 
21,酷炫欧洲行摄剪辑《迷失欧洲》,旅行,7.6,http://www.vmovier.com/50015?from=index_new_img,2016/9/18,283,现在大量模仿t望塔的剪辑和拍摄手法，看多了让人反胃，既然你是旅行短片，还是应该让观者能感受到旅途风景之美，体会拍摄者赋予作品的情感，现在已经本末倒置，变成了为剪辑而剪辑。。多出了一堆平庸的垃圾而已。 good 喜欢里面的教堂，好美 我只想起t望塔 对。。土耳其。。 专场这边谁有教程的 剪的很好，衔接感非常好 转场的那个模糊是怎么做的 欧洲t望塔 求转场技巧 果然很迷失 在欧洲当年轻人真好 年轻，在 哪里都好  剪辑挺牛逼的，完全是把费片全变成素材了，可惜素材质量参差不齐，以及结尾快闪跟音乐好不搭干。 美的走丢了 感觉很自在 好随性 眼花缭乱 感觉选材有点随性，不过年轻人的生活气息还蛮明显的 眼花 绝了！ 看完跟没看一样 
22,母女情深奇幻短片《我的妈妈会魔法》,广告,7.8,http://www.vmovier.com/49662?from=index_new_img,2016/9/18,309,"有意思 童年有妈的孩子是块宝！ 我的妈妈也会魔法??大魔法师 想起来我小时候我妈为了供我读书 天空好漂亮 看着就想捐款的公益广告，好正能量 充满童心的短片，二位油彩动画的特效表现形式，真的不错 小女孩的声音好好听，魔法 ?? 儿时的眼中妈妈是万能的。 特意注册账号来评论。。。。。小女孩眼睛好大。。。。。。。。。。。。。好大。。。。。。。大。。。。。。。。。。。。。。。 hahaha, 真爱！ 清新，天真，，，，喜欢 调色有水平 公益 拍摄得很欢快 妈妈最伟大 原来是说小额贷款的，6666 真不错的说 果然有种会魔法的赶脚呢 每一个妈妈都像超人一样  "
23,诡异镜中世界奇想短片《映射》,剧情,8.1,http://www.vmovier.com/49929?from=index_new_img,2016/9/18,270,这个需要mark一下 恐怖游轮~无限循环 挺有趣 编剧大大好牛逼，类似无限恐怖系类，深层解读又是另外一番模样了！ 类似的片子很多很多 镜子都不敢照了 宝宝有点吓到了 照镜子最可怕的不是发自己变丑，而是镜子里的自己竟然会动了 有漏洞，他们看到镜子里争吵的影像，等他们自己进去以后没有必要再原样演一遍。就好比我知道了未来的我是怎样的轨迹以后，我完全可以做到不跟预期的一模一样。 所以诡异 因为你不知道那是未来，因为是循环，所以永远都不知道那是循环 一开始我们就看到男女主人公谈得不愉快 1分38秒的时候镜子作为主要道具映着女主角 1分41秒男主角转头看向镜子 从这个时候起把开始把心理世界视觉化了 两人被困和之后的行为和对话 象征性表达各自心里的投影 他们知道彼此就是那个样子 却因为性格原因无力改变 两人陷入周而复始的情感困扰 女主最后一句台词“这就是我们” 6分12秒回来 沉默 不再对话 前面的铺垫还有很多细节可以挖掘 寻求情感的出路 却苦于没有方法 每次都以沟通失败告终 无法互相理解 引发不断的争执 相当鬼艺 这条以前不是出过吗？ 
24,立陶宛独立100周年Logo设计《百年》,创意,7.5,http://www.vmovier.com/49421?from=index_new_img,2016/9/18,219,立陶宛如果不是篮球还可以，谁知道这个国家 好好玩的logo 壮哉我大立陶宛 对于立陶宛在下只记得世界第一大力士来自立陶宛，其他的就。。。我们只看这个LOGO的设计，谈论别人的国家没有意义。 还是挺好看的，很有自己的风格 独立的尊严 竟然还是个古国…… 等到中国100年，我都退休了 东欧风扑面而来 却是是很有民族范儿 简单，还好不是个什么吉祥物 是不是又可以放假了？但是好像不关我什么事 还是中国牛比，一个大阅兵就让世界瞩目 积木直视感，简单而多变 Logo设计的一个好素材，收了 大学老师在设计课的时候就应该讲点这样的实例，而不是照着PPT讲干巴巴的几个logo 小国的悲哀，历史古国也没用，战争摧毁它太容易了 cool 
25,黑白搞笑动画《如何成功迈入商界》,动画,7.7,http://www.vmovier.com/49269?from=index_new_img,2016/9/18,192,挺有意思 已经缓存了，为什么还用流量？？？？ 缓存的需要去我的缓存里播哈 我想看评论?? 商业交易不如情谊吧！ 抱抱 听听心跳 感觉一下温度 我怎么看到是：商场里面每个人都是这么的虚假，互相吹捧，阿谀奉承。然而天真的我不怎么喜欢这一套，只能被排斥，只能选择离开；当我以为我被世界抛弃，是小女孩的拥抱让我重温了温暖，重拾信心。当我给予那群虚伪的前辈一个真诚的拥抱的时候，他们一脸懵逼了！ 呱呱的 好喜欢这种动画片。 来一次说走就走的旅行 喜欢这种动作夸张的 职场是真正的学校，社会大学，必须在此学到真正的社会知识。 哈哈哈哈，拥抱是世界语言 感觉有点奇怪 职场礼仪get了 有点像word里面自带的图画 有一种莫名的喜感 开会什么的最不喜欢了 以后面试，上去先来个熊抱再说  对人要有好，用力过猛了 
26,震撼心灵反思抑郁症短片《生为何故》,实验,8.2,http://www.vmovier.com/48511?from=index_new_img,2016/2/25,1670,"的确表达了抑郁症的症状和心理活动。人间是抑郁症患者的地狱，世界随时随地都有着一种陌生感，所以桥上行走的那一幕让我觉得有抑郁症患者的状态，在车水马龙的世界，偏偏自己与世界格格不入，抑郁症患者的内心就是灰暗阴冷的，所以在阴冷的森林里面看着日光的那一幕也让人觉得很揪心，因为自己虽然想死，但是仍旧有着梦想，有着对光明对温暖的渴望，可是透过枝缝的光明总是那么微弱，含有温暖意义的日光却像月亮一样仍旧冰冷，世界之大，我该怎么办？（This video is suitable to express the symptom of melancholia and mental activity.The world is hell in depressed patients's eyes ,these people always have the feeling of being surrounded by strangeness anytime and anywhere,so the scence that depressed patients walk on the brige want to show the busy and fast world ""my appearance here is like a square peg in a round hole "" .Their world is obscure . I see depressed patient stand in the forest with an impotunatr throb of pain,they want to die with the longing of dream and warmth,The sad truth is that the sunshine throughing the branches of the aperture of trees is always dim.The irony is that the sun symbolized warmth just make people feel colder .In the big world ,where should I go?） 去年一年我都是这样的状态，自我封闭着，觉得没人能沟通到我的想法，还有一种总有刁民想害朕的想法，完全没有生活动力目标，每天看到都是一样的风景，变得极其敏感易怒，和以前熟悉的人在一起完全不习惯，尴尬随时蔓延在气氛里，直到过年回家呆半个月后人好了很多，现在发现很多瞬间是有趣的人和事，痘痘也消了，皮肤也好了。自我拯救才是最重要的，思想上的挣扎，千万别深究人为什么活着，活着的意义，反正都有一死 真的吗？我现在就是抑郁，但是不知道是不是，痘子很多，每天都想为什么活着！ 《生为何故》？我们从何处来、将往何处去？疑问是觉醒的前奏，百思不解使身心抑郁，道家说要长养浩然之气混元归一，儒家说大道在明明德，佛家说菩提萨垛寂静涅，各宗真意不可以表相浅显误释误译，了其本意，真修实证，渐行渐悟，路虽崎岖，求索不坠，终到彼岸，回归生命的故乡。求人不如求己！！！！ 观照自我身心，求道、养心、强体，求人不如求己！ 小编把这拉出来，果然意有所指 暗色调，缓节奏，慢配音，微表情成为了抑郁人群最合适的表现形式，看着让人觉得沉郁，这大概就是抑郁患者常有的状态吧。我们正处在一个尴尬的年代：城市生活开始缺乏宁静，乡村生活正在被日益侵蚀，人们的灵魂找不到归宿，内心没有着落，美好的永远活在过去，将来的模糊不清，所谓越长大越孤单，不是美好失去了，而是过去太美好，以至于我们根本没有时间去搭理邪恶与虚幻。 昨天确症重度抑郁症。生为何来，独不为己，何不归去？ 前年过年那两个月可能是我这一辈子最消沉的日子吧！ 吃饭，上网，睡觉，撒尿 什么也没干，1月底撑到3月8号才过去 求音乐 看不下去，没意思 生为何故，恨余生长 翩翩俗世佳公子 《也许，我是不是也是抑郁症》 自己总不能投入的做事。 比如在写下这个开头前，我迫使自己足够专心。但即使如此，依然没能做好。 期间我去关了灯，开了灯，又关了灯。把另一本本子看了又看，心里纠结着是继续保留它的塑料外壳，还是去掉更合适。 做下决定之后，又止不住的看着那被去掉，但没被扔掉的外壳。心里能想很多，而我现在也不能在这写下更多。 前两天，有位明星去世了，让大家审视“抑郁症”这件出现了好久的现象，或者说病。 你们问我为什么要想这么多，为什么不能简单点，为什么不去尝试些别的事，说不定能使你开心。 如果生活中你曾见过我，那就有可能知道我一直努力做了。而且我做的尝试比你们建议要更多。 我一直以为，这也是每个人的常态。也以为每个人一定都经历过，且最后大部分都自己走了出来。所以能给我那些建议。 我至此时，也相信有人自己就能独自拜托那些困境，并且我不想输给他们。 回到那位刚去世的明星，他的事不仅让许多正常群众开始讨论。 也让我感到有些轻松，我想不止是我，也有可能许多人这样觉得。因为，我们的一些行为开始不仅仅只是给人造成困惑。有一部分人从完全不理解，到现在愿意把它当作真正的疾病。 终于看到希望，有机会让别人真正了解，而不是故意得用搞笑或自黑的方式来解释自己。 更希望不是所有人都只是摆出理解的姿态，而换个话题，又有理由表达与之前完全相反的嘴脸。 矛盾的也有，我一直认为这并不一定是坏事，它使我恩能看到更多东西，好的坏的，该有的不该有的，旁人能理解的及无法被理解的。 它使我看到这个世界有这么多的可能性，如此神奇，如此让人惊叹。可能这并非源于”抑郁症“，但却叫我能不轻易放弃任何事情。 哈，但如果每晚能困的时候，早点睡着就更好了 不能分段。。。尴尬 想起了最近的乔任梁事件，感觉好可惜～～?? 应该是发生了乔的事件所以把这个片子放上来给大家看看的。 一种世界运行地如此有序，但我如此多余的感觉。 懂这种感觉 初中有段时间这样过，说不好是不是抑郁，看什么都没色彩，提不起兴趣，很悲观，特别怪的说不出的忧伤与烦躁，后来慢慢一点点自己引导过来了。想想觉得后怕，因为一直处在那种感觉下真说不准自己会怎么样 结尾不好，如果作者在最后找到属于自己的东西，所有都释怀了，天空就不会暗淡了。 其实我感觉我们每个人都有一些轻微的抑郁症。我想说就是那些低迷的情绪。我现在也会有。有的时候晚上醒过来不知道要干嘛，还不如一直睡，就不用去考虑那么多。但有的人内心够强大，自我天空能力很好，可以自我缓冲。但有些人本身没有那么强大，再加上周围环境的猛烈刺激，真的会崩溃，差不多真的是那种生无可恋吧 抑郁就是因为太闲了 那么多人感同身受啊 你们学编剧啊 学编剧就不会觉得无趣了 我已经不玩游戏了 也不觉得有什么有趣 就是学习编剧比较有趣 "
27,获奖悬疑心理短片《玛琳之死》,剧情,8.1,http://www.vmovier.com/49943?from=index_new_img,2016/9/17,280,"如果整个影片用写实的风格而不是戏剧化的表现手法可能效果会更震撼一些，如场景设定在审问室中而不是抽离的背景，演员的情绪更为真实而不是如此外露，最后一个镜头或第一个镜头展现一下现场能更有参与感。而不是让观众仅仅是观众 先分析动机：妻子有可能因为丈夫的出轨SM而心怀怨恨、所以跟踪丈夫，杀了马琳。丈夫的动机有可能是因为马琳提出结束SM，所以心存不满，杀了马琳。两人都有动机。 第二分析能否有杀人的方式：如果妻子跟踪丈夫、而且妻子的确在死亡现场、那么妻子所在地就是马琳住所、因此，跟踪丈夫的地址是对的，那么丈夫就不可能去错了地址。所以，丈夫肯定是去过现场的。而且他手机也掉在了现场。如果丈夫手机被偷，那么小偷怎么可能那么巧就去了死亡现场呢。如果真的那么巧，只有一个可能，那就是手机是被人偷了之后故意放在现场栽赃陷害。妻子到过现场，有杀人方式的实现可能。 第三分析人物关系，马琳是妻子和丈夫之间的共同好友，而且妻子说和丈夫没有保留什么秘密，妻子也的确知道丈夫喜欢SM，那么妻子应该是接受丈夫喜欢SM的这个癖好。那么，马琳是否会在夫妻之间有隔阂？从马琳提出结束SM就可以知道，马琳不会设计拆开妻子和丈夫，所以丈夫手机出现在现场，而且被小偷偷走的理由可见，手机出现在现场没有第三方故意栽赃的可能，所以排除马琳安排了自杀，而且故意让人偷走丈夫的手机放在现场的可能。所以，丈夫在说谎。 个人，觉得，凶手应该是丈夫吧。 赞 进来看评论的赞我。。。说实话我也不懂 确实很烧脑。 凶手是导演 男的吧，手机在现场被发现。最后提到了律师 马琳吧 因为被m生活的结束 所以想在生命的最后一刻享受m的高潮吧 凶手是马琳 我觉得答案是一开始的画面。 SM,强烈怀疑小编意有所指 不明真相的吃光群众 凶手是男的 最后男的要求和自己的律师说话，而女生仅仅说自己想回去了 个人觉得是男的，谁最后一个说话谁更有话语权 凶手可能是男的 个人推测，凶手是男的。第一他没有进警局，第二他手机被偷，第三他在三角关系中可能受到冷落所以下杀手。 凶手是马琳 烧脑 "
28,旅行感悟花样剪辑短片《新大陆》,旅行,7.5,http://www.vmovier.com/49813?from=index_new_img,2016/9/17,275,旅行的意义 怎样剪辑的 就单说自由女神那段吧，第一个镜头与第二个镜头的衔接，其实是第二个镜头做了缩放的效果，同时，第一个镜头的最后一帧与第二个镜头的第一帧景别大致是相同的，由于缩放的效果很快，从而两个镜头剪接在一起的时候就会让人觉得是非常流畅的一个镜头。同理，第三个镜头也是如此~~ 另外，第三个镜头的最后几帧是有向左上角晃动的，然后下一个铁丝网的镜头也是有向左晃动，两个镜头接在一起就是一个平滑流畅的转场，让人产生一种没有剪辑的错觉。此片很多地方基本都是运用这一手法。 我觉得第三个镜头在拍摄的时候其实不是故意拍成这样的，而是这个镜头拍完然后换了一下机器再关机，这应该是后期剪辑的时候刚好把这晃得几帧用上了 同求剪辑技巧，以及前期拍摄。 同求剪辑技巧 放飞内心 来来来，我们出发吧 只要你想，没有什么不可能 来一次说走就走的旅行 有人了解这种剪辑技巧么 用心品味---旅行的艺术 一分5s左右的配音是不是笑场了 slow domn ，如海龟的速度，品味生命的旅程 小乌龟再次出发 .... vb. 
29,忧伤负能量公益短片《草莓的一生》,广告,7.9,http://www.vmovier.com/49978?from=index_new_img,2016/9/17,638,我在餐厅打工，有人买了4个葡挞，一口没动就丢在那里；有人为了买套餐省点钱，就买了套餐把不爱吃的丢在哪里也是一口没动；还有人买了一整个套餐，一口没动，人不知所踪；还有的人买了咖啡，就是打开在那里，好像是为了摆拍；还有人特意买了外带的寿司过来，然后一整盒一共10个寿司，只有一个寿司是移了位置（并没有吃）；像是什么桶什么桶里面的原味鸡，我也见过好几次是完完整整地好几块被丢弃――要知道我来这个餐厅才不满4个月而已啊！可乐被整杯丢弃是很常见的，圣代不爱吃动那么一口两口的你买它做什么呢？还有很多这样的例子：汉堡啊，鸡肉卷啊，葡挞啊好像是为了意思意思，就咬了一口。葡挞总共才一口大小，你才吃了一个小角角，真是好有意思哦～！ 吃不下你就别买啊！买了吃不掉可以打包啊！我们的打包服务是免费的啊！ 最记得的是，有一次有个客人买了汉堡给她的小孩吃，但是她小孩最后又不想吃了，于是她马上打电话给她的朋友问她想不想吃汉堡，想吃就给她带过去。 还有一次，有个流浪的人忽然走进餐厅里，她拿走了两个小朋友面前的可乐，然后走了出去，从玻璃窗外看着里面，我当时很慌张，后来我收拾盘子时，发现有客人丢弃了完整的两块原味鸡，我很想叫那个流浪的人：“你快回来啊！这里有两块原味鸡！” 看到这些熟悉的名字，你们都懂得我在什么餐厅打工的。这个餐厅在中国有N家，它的原则之一就是：食物过了赏味期就要丢掉。 食物掉在专用的地方以外要被丢掉（像番茄酱这样有包装的东西也是，只要掉在地上就要被丢掉），包装掉地上要丢掉，食物送出去之后被退回来要丢掉。还有很多很多。虽然我知道这些是为了饮食安全，但是心里还是会觉得这样太浪费了。 我知道的事是，很多食品生产商为了提高产量，会做像是：给奶牛打激素啊，给鸡打激素啊之类的，做转基因啊什么的，然后这些食物就会变得成本比较低，为了提高自己的竞争力，超市会打特价啊什么的，然后大家会买很多在家里屯着，屯到最后吃不了了就丢掉。大量地生产，大量地被消费，然后大量地被丢弃。 地球要忍受这种折磨到什么时候呢？ 我有时候也会问自己，我要这样只是看着，只是愤怒，只是发牢骚，要到什么时候呢？ 平和美丽忧伤的草莓的一生，、、、如果是一条鱼、一只羊、一头牛、、、、 珍惜盘中的每一口食物，不要白白牺牲了 珍爱生命，一草一木 珍惜食物，拒绝浪费，哪怕你很有钱 像个孩子一样，和各种事物用心灵去对话去沟通，你是什么世界就是什么，所以咯，享受每一口食物，醉于每一刻芬芳………这么文邹邹的搞么事？真的被草莓君感动了啊…啊…?? 珍惜食物，从我做起 还以为最后那个柠檬也会被扔掉 竟然给我看哭了，WTF! 可是。。真的很容易坏 拍摄角度好有意思啊，主人公视角，惊险的一生！已经feel到了，尽量不浪费！宁愿少买！ 然而吃进肚子也是变成翔 生活水准的提高，改变了人对食物的对待！ 草莓竟然放到发霉 谁再说只有中国浪费食物的自打脸 这个“鸡汤”必须喝 是的 最后说得很有道理。食物来之不易。 下辈子做榴莲?? bgm好像是飞屋环游记的开篇 就是 第一世界国家 物质太丰富了 食物随便丢 空调随便开 油门使劲轰 胖子到处走 让第三世界国家的我们情何以堪 下辈子还是做橙子吧 
30,震撼大都会延时风光《绚丽纽约》,旅行,7.9,http://www.vmovier.com/49925?from=index_new_img,2016/9/11,771,倒是觉得音乐很好啊 美 美国我就喜欢纽约和洛杉矶，两大城市 很想知道围绕一个建筑做旋转的镜头是咋拍的 电动圆轨吗？ 每一个镜头都是用航拍机拍的 航拍机拍延时？ 我快蒙了。这音乐真带劲，带入我到梦中 感觉配学很带感啊…… BGM差评 对比度这么高真的好吗 这个配乐就是屎，我收藏的电音随便一首都比这好听 来，分享一下 用网易云吗？ 来，分享一下 你好，可以分享一下吗， 这种城市真的美吗？我更喜欢乡间的绿色，那才有回忆的味道。 一个是追求时尚一个是怀念过去，我都喜欢?? 延时拍摄都需要很大的心思，赞一个。http://buyho.top/ 看起来好看，感觉去了就不一样了 欧耶，从前纽约不是英国的，是荷兰的，再从前、、、、 这万恶的资本主义国家，真是让人向往，不愧国际大都市 纽约、一座向往的城市 繁华，强盛。我们要努力了。 无与伦比的美丽 
31,荒诞华丽超现实主义短片《漂亮的谎言》,实验,7.2,http://www.vmovier.com/49969?from=index_new_img,2016/9/11,289,让我想起Birdy的beautiful lies. 表示艺术好难懂 没看懂 幻想驰骋 好像很厉害的样子 画面还挺美的，但是果然看过感到空虚啊 有点像魔术 什么遮住了我们的双眼---《漂亮的谎言》 BGY有点不喜番，棉花云很美丽 
32,面瘫人重获幸福喜剧短片《笑面人》,剧情,7.6,http://www.vmovier.com/49688?from=index_new_img,2016/9/11,441,为什么图片不能保存 最后他们互换工作 性福的生活在一起？ 男主能稍微普通点吗？ 跟中国的面瘫演员不是一样吗 面瘫我只服林更新 哈哈哈 不错哦 呵呵，有意思 哈哈，明明一个口罩就能能解决的问题…… 第一眼看出来了，绿魔 威廉达夫吉姆凯瑞附体了 浪漫的事故 (?ω?)hiahiahia 人生如戏啊 这个片子好玩。 哈哈哈哈北野武灵感 黑色幽默 哈哈哈哈哈哈哈，爱比哭好 心疼演员 一直笑演员也真是辛苦。。。 
33,日本游戏机脑洞广告《降价歌》,广告,7.7,http://www.vmovier.com/50027?from=index_new_img,2016/9/11,645,歌好听，女主也好看。好评 总感觉女主在憋着不笑 幸好不在中国，不然又要道歉了，恶搞历史人物。 一本正经的胡说八唱 一本正经的胡说八唱 5000日元等于326元，但京东售价2379元，大家都想想吧! 所以你想说什么，说日本就卖300多块吗？你自己看下简介，降价5000日元，不是售价5000日元，降了之后29980日元，2000人民币，降价后是这个价格，想什么，价格都一样的东西有什么可以想！ ?? 还好我听不懂日语 还挺好听的?? 一开始的妹子好评 太浮躁了 歌曲越听越好听，48秒简直美得不可思议 背景音乐好听，求歌名 只是比较难听而已， 这种脑洞广告应该归个类“mdzz”型。 。。 霓虹金的脑洞.. 好便宜，好好听，有创意 好期待中国能怎么开放！ 降价歌 好抒情 我好喜欢这广告?? 好感动啊！ 
34,虚拟现实科幻短片《未来的情感》,科幻,6.8,http://www.vmovier.com/49851?from=index_new_img,2016/9/11,218,虚拟现实--可视为电影与现实之间的作品吧。 什么鬼，还三层梦境。第一层是vr里的，第二层是宣传片，第三层是第一层的现实... 科技太发达，并且发展太快，已经超出了很多人的想象 喜欢，小中见大。666 晕了 呵呵 现实与虚幻谁能分清 谁在这里看着我？ 我在那里注视着谁？ 完全转晕了！！哈哈 周公梦到了蝴蝶，还是蝴蝶梦见了周公 在哪里都能看见你诶?? 云在上，雾在下，上上下下无处不在，呵呵呵，闲人一个 沙发，这不错 
35,惊心动魄好莱坞式短片《超级营救》,剧情,7.5,http://www.vmovier.com/50024?from=index_new_img,2016/9/10,1048,"以前曾看过一个中国五岁小孩儿开挖掘机的视频，不知是不是给了他们启发了？画质的确有很有大片范儿，音乐音效也可圈可点，牛B哇，立的flag真的好么哈哈哈，不过汽油（量忒大了）燃烧速度真的很快，不可能有这么长的反应时间的。甚至，整体感觉有点像这只是小孩子自己脑袋里的YY场景罢了？还是…细思恐极哇，不管咋着，是为了电影效果吧。OK,那么问题来了……挖掘机哪家强？？ 我好像也看过，感觉是在开飞机，溜到飞起 开挖掘机没那么容易，他是履带的，动力在两边是分开的，转向靠差速，不是靠方向盘。成年人有教练都很难上手，一个小孩居然无师自通。 哪儿一会儿能冒那么多油卧槽 好电影 年度最佳蓝翔广告 惊心动魄 蓝翔毕业 演技不错 偷车贼 真的不能在发文前校对文字吗？？每次看到错别字真是百爪挠心，恨不得马上动手给改了 实在不好意思，“在”写成了“再”，这是可以避免的问题，以后多注意 钥匙全都插在那？ 这是因为剧情需要才没拔钥匙的吧... 话说主角偷车都怎么轻松加愉快的！？ 米国法律都管不了主角的么！？ 孩子还需蓝翔深造 小朋友要安全驾驶啊 赞一个！给孩子 想要的。是很有价值的！ 等我有小孩了要培养他挖掘机技术?? 开得好，来蓝翔跟我学挖掘机吧 你们家开的是油罐车吧 这个故事告诉我们蓝翔是个好东西 他家的车到底能出多少油？ 父母明明自己可以撞门出来呀 学驾照的年龄可以提前到八岁 "
36,盖・里奇监制时尚电影《特工谍中谍》,广告,7,http://www.vmovier.com/50026?from=index_new_img,2016/9/10,296,喜欢谍中谍 就我一个人感觉三个特工走上T台的时候节奏开始失控了吗，哪些演员的表情假假的，感觉好尴尬啊 我喜欢那个中国的男人，求名字！好帅。 king Regis??? 牛逼 时尚的命运危在旦夕-----玄了 无头特工，越演越神了，稀罕 小编 求跟进！ 哈哈，果断走起！ 期待续集呦 手机上看大片，爽！ 少了快速剪辑，多了悬疑气氛的营造 场面好大的赶脚啊 特别喜欢看时尚感强的电影，之前的《卡罗尔》、《裁缝》也很棒 盖里奇生日快乐！ 喜欢特工片?? 这还素盖里奇吗？ 哈哈哈，监制 V电影中的大片 一登场就被抓走了，呜呜呜呜我 衣服架子特工，这个创意666666 《王牌特工》强烈推荐 酷 
37,反乌托邦情感短片《假如生活玷污了你》,爱情,8.1,http://www.vmovier.com/50019?from=index_new_img,0,0,
38,周迅梁朝伟真情对谈短片《不怕黑》三部曲,广告,7.4,http://www.vmovier.com/50029?from=index_new_img,2016/9/10,697,一开始几句好像苏州河的对白 现在的广告真是让人很无语，别跟我说看不懂的才是艺术，从头到尾说一大堆和nm丸美有半毛钱关系吗？这个片子只告诉我里面有两个巨星！周迅梁朝伟！明星效应！ 顺便说一句，我居然有几个镜头把梁朝伟看成了雅人 其实对话的真诚度太低，虽然蔡康永点评不错，但不适合放在这个片子里，前面的感悟变成了最后的告诉。 朝伟哥~ 先乱后乱，先乱吧，还年轻 确实还是第一部《眼》更经典一些，另外推荐张震给卡地亚拍的《手》 1、为什么要全程显示广告？很无耻！2、对话切得没头没脑，让人很不舒服！3、演员表现做作！4、周迅那句不怕黑听得一身鸡皮疙瘩！ 我只想说 第一部是什么鬼。 第二三还可以 靠。钱全花在广告上了。东西的科技含量担心。都是广告榨出来的 周迅 ， 梁朝伟 广告语直接出戏…… 广告果然套路深...哈哈 这个钢琴bgm是什么 总体上还不错 一听周迅说 他爱我吗 就泪目 乱的、工整的、该发生的不可避免。行走自在，耕耘，结果自然 完全没有“眼”的那种感觉了~ 够厉害啊 真是花了大价钱了 所以大家觉得这片全靠演员撑哈 
39,罕见火山岛景观短片《火山岛世界》,旅行,7.2,http://www.vmovier.com/49548?from=index_new_img,2016/9/10,345,荒无人烟，好好哦 美 感谢小编分享 这样的世界，真是美轮美奂 好想去啊 这才是生活 来一次说走就走的旅行 沉默的时光流出不朽的传说 世界太美丽，我想去看看 美 每次看到这样的景致就想冲出牢笼，拥抱大自然 美景 好安静的赶脚，稀饭 
40,老师有话对你说,无,0,http://www.vmovier.com/50013?from=index_new_img,2016/9/9,927,谁能告诉我第二个玩视频是怎么做出来的 老师会玩那个视频绝了 最后一个看哭了 谢谢小学二年级的英语老师 四年级的数学老师 六年级的班主任 初中的喜羊羊和郑老师 高中的小白 大学的雨霖！ 我初中班主任也叫喜羊羊 教师节放假最开心了，哇哈哈哈 好喜欢这些老师 每当我轻轻走过您窗前，脑海回荡这首歌 感人，最喜欢第一个片子 好有爱！ 小编写的文案好棒????！ 好好生活，好好学习 封面上那部电影.地球上的星星.qiao感人 暖心，怀念，喜欢贝奇的推荐??为了评论，终于注册了 谢谢你记得我的名字，好感动。你喜欢就好啊，我要打了鸡血继续找好片子出来～ 来日方长，切要珍重，莫打鸡血 
41,里约奥运会官方回顾混剪《里约童话》,运动,7.5,http://www.vmovier.com/50022?from=index_new_img,2016/9/9,406,2分45 闪了一帧  官方的啊～ 感觉不错呢！ 各种感动时刻 童话话的童话 太棒了 但是素材是怎么找来的呢 我要bgm ?挺好 我要bgm 看到了一闪而过的奶龙和继科儿~迷妹有一双晶晶火眼 节奏稍微有点慢，没那么燃，不过官方的意思还是挺明显了哈哈 里约大冒险的印象已经深入人心 看来巴西消气了2333 有一种童话，叫做黑童话。 哈哈哈哈 
42,超萌定格动画《谁偷吃了我的饭菜？》,动画,7.7,http://www.vmovier.com/49989?from=index_new_img,2016/9/9,469,萌得满地打滚啊~！！ 这小老虎吃素呀，难怪它一直饿！哎呀呀~好可爱啊 如果小小孩看了会咋想？?? 这动画片拍得太好了，喜欢！ 哈哈哈，是我，我吃了 哈哈，虎兄，好胃口 小老虎吃素了 哈哈，…好可爱…………………（表情很严肃的说）怎么消灭他？……………这只小老虎是一个危险的埋伏…… 我是说为啥每次我都吃不饱呢，原来都被餐盘上的小动物偷吃啦 但是你不就是小动物吗？ 是我，是我 小老虎无所不能呀 那么小的小老虎吃光了比他身体大好多的饭菜呢 二班的小老虎，不一般，哈哈， 看完之后童心泛滥啦 之前看了《12年》效果震撼 神奇效果 用心做动画的好团队 小朋友性格太好了 ?? 小老虎好可爱 我都在吃土，这老虎却能吃得荤素搭配，妈妈我要做禽兽。 慢着，老虎吃素？不奇怪，我不还吃土嘛，这么一想没什么毛病。 ， 
43,震撼人心纪实性短片《痛失所爱》,剧情,7.8,http://www.vmovier.com/49795?from=index_new_img,2016/9/9,316,钟爱影片的无配乐设计，写实，残酷。而沉默虽然不等于孤独，但不可否认沉默的人都是孤独的努力者。 命运之手将你碾压在地上，无法挣脱 得失之间，因爱而痛 这就是成长的痛 他为什么要吃掉然后再吐出来？没看太懂 好像是甜食，为了减肥。 减去多余的水分，虽然就那么一点。但是有用， 纪实性的东西拍出来就是这样，反映着生活里的真实情况 无言的爱，无奈的痛 好压抑，特别是他爸爸有话不能说的时候 光线处理的挺好的，特写也给的很足 这片子太长了，适合晚上看 我缓存了，你别骗我 看着亲人一点一点走向死亡自己却无能为力的心情 虐心 子欲养而亲不待，说的就是这种感受吧 zhan 挺好的，但是父亲的死没有太多描写，也许是导演不想过多提起吧 
44,意大利暖心广告《用心去看》?,广告,7.7,http://www.vmovier.com/49959?from=index_new_img,2016/9/9,796,我操，大姐把手机放下的一瞬间都tm快哭了 智能手机，都有一种通病。 一开始以为是手机广告感觉太low最后才眼睛一亮 没有手机的日子，我们也曾经活的很好呀 hhhhhhhhhh好好好 还好我刚刚拿了手机看这个 贴心的BGM，谢谢 走心 手机？互联网？虚拟？......到底是谁的锅 创造这个电子时代的人 认同片中的观点。但是呢，作为一个喜欢拍照片但不发朋友圈也关闭了朋友圈的人…… 能不用手机就尽量不拿出来，我拿相机 这样的广告真心比直击手机党好的多 暖~ 离开了手机，我们不能生存 喝酒的时候如果把酒杯倒扣过来，就说明自己不喝酒了，吃饭的时候把手机倒扣过来，就表示自己不玩手机了 我姐平时也是这么凶，但是对我也超级好 转给她看看 真实写照 朋友叫我去玩，吃饭的时候也是机不离手，好不容易吃完饭，我们找了个有wifi的地方，一起玩手机……再见，再也不约了 挺戳人的，不错的广告 手机党，最反感 不错 
45,视觉系盛宴艺术实验《纤维的艺术》,实验,7.7,http://www.vmovier.com/49514?from=index_new_img,2016/9/4,158,好喜欢哦 最后发现才是中心 厉害 怪我不懂艺术，有点受不了我的心啊，不过最后的墙不错，忘记上面的毛 好想吃 学校实验室就像个工厂吗，比这差远了 强迫症看着表示很舒服，赞 一般啦，不够惊艳 色彩搭配很好，剧情负分 深受金毛毒害的飘过 握个抓 感觉一般 这妹子的表情简直，不忍直视 掉毛发的都伤不起…… 欧，壁纸是这样造出来的 
46,舒淇超美文艺范儿广告《最好的时光》,广告,6.7,http://www.vmovier.com/45149?from=index_new_img,2014/9/17,564,颈部的手术后留下的疤痕不了了？ 女神结婚了， 张震结婚的时候真心的心疼女神，现在看到女神也要嫁了，心里是满满的祝福. 遇到爱，坚守爱，终于修成正果。 再一次证明了，男闺蜜都是见鬼的，哈哈哈哈 舒淇特别的一种美，喜欢 舒淇看起来越来越舒服了，平常很少看八卦，更不会评价，但是觉得这俩人还挺配的 有钱就是好，没钱没生活 舒淇 祝幸福！ 舒淇的那个广告有点杂乱，太拗与声画对位了，而且情感太单薄，没有感染力；后一个国外的广告，就很好，画面很赞，演员也演得太好了，超赞后一个。。。 就说一点，表的特写全是紫边 不合拍，舒淇的特性跟广告品牌不合拍， 我只知道舒淇看书的场景，前一个镜头手表是在右手，下一个镜头，手表又在左手了，这也太明显的穿帮吧 不懂这些，反正就觉得如果只有画面和音乐的话还行，但是配音像是冒出来的小三一样，说没关系吧，又有点，说有关系吧，呵呵。。 这个3.8分？ 影像各方面的确很好，画面也考究，但这是作为一个国际化品牌广告最基本的要求。这个广告没有抓住舒淇本人的神韵和特色。闭上眼睛，感觉同样的独白换成巩俐、刘嘉玲、关之琳、张曼玉很多明星都可以 对啊 就觉得很普通的一个片子，应该是一个普通的分才对，没觉得有什么出彩的。强行上分是有点过分 说的很到位！ 
47,迪士尼最新奇幻短片《树屋里的女孩》,剧情,7.9,http://www.vmovier.com/49980?from=index_new_img,2016/9/3,581,看到后爸带来的孩子也是够了 很赞，觉得很暖心 如果有什么能比童年更美好的话那莫过于再过一次童年了 如果有什么 童年更美好的话，那莫过于再过一次童年了 故事很感人，女孩胆子也很大 哪有人愿意孤独 以为是意面广告，结果不是；以为是肥料广告，结果也不是......只能说，这是一个很美的视频，温暖的故事，棒 哈哈哈，看着时长拍广告得多大土豪啊！王健林了。。。 ……哈哈，如果在央视播出，王健林需要好几个小目标呢 首先我的恐高症就不允许我住树上?? 直升机到达不了的地方她能够通过藤蔓走回家?? 然后诞生了一家子巨人 很温馨 很感人 色调也是我最爱 奇异的树，奇幻的故事 演技啊~~ 神奇 很棒 ?? 童话永远是最美的 好 什么高科技化肥，给我的仙人掌来点 然后你的仙人掌长了巨刺，哈哈 需要的时候就知道了，家人 颜色很有故事感。 
48,国外震撼公益广告《看不见的孩子》,广告,7.5,http://www.vmovier.com/49987?from=index_new_img,2016/9/3,1141,满分，比国产的广告好多了 好广告 有诚意的套路 我给95 还有，走路要长眼，少看手机 看完一身鸡皮疙瘩 满分 要开发一个可以自动检测是否在驾车balabala的功能了， 创意真心不错，最后又被惊到。 真好 拍的好棒 赞 赞 马芬是谁？ 他家的狗，孩子出去时没关门，所以跑出去了（一开始认为是他家孩子，但不可能单独不带某一个啊，所以推测是??） 当然也有可能是熊孩子 2:26说了he is our dog. 哎呀这什么听力，明明说的是我们的女儿 呵呵你自己再去听，dog和daughter都分不清也是蛮逗的 然后注意前面的主语是“he”，你不会“she”和“he”也不分吧呵呵，he是男性的总知道吧，再根据短片前后剧情看，你家小孩丢了会只是这个反应吗？还不发疯一样去找？狗狗是能出去玩还能找回来的，好吗？不说了，V电影小编英文字幕翻译错不代表你就可以认为别人说的就是错的，字幕就一定对的。。。呵呵 谢谢你的指正，小编已经对字幕作出了更正?? 哈哈哈，主要是线索太多，看完心里挺乱的 很现实的片子，因为这位小男孩的灵魂回到他的车中，只是为了告诫他一件事情――――别分心，开车就是开车，这跟生活是一样的，都需认真真实地对待。 强烈的比较 大反转啊 。 863970028943827 。。 很不错 发达的科技是解放了人？还是束缚了人？ ……我的天呐！ 
49,拳王阿里纪实励志视频《伟大之巅》,励志,7.7,http://www.vmovier.com/49981?from=index_new_img,2016/9/3,809,其中必有勇夫 若不勇猛则难成大事 没有勇气承担风险的人永远都是平庸之辈 ALI ， 努力让自己做到有一天可以对一些看扁自己的人说：I told U 刻苦造就辉煌 最喜欢mateusz m的视频了 这么狂的人竟然就真成王了，看来骄傲也能让人进步。 那是自信 永远铭记 BGM是啥？ 了不起的英雄 帅的不是一星半点 是超帅  永远被铭记的运动员 阿里是真正的英雄。不止是拳击领域。 他和泰森 哪个厉害 我不知道谁更厉害，因为他们不是一个时代，但我个人觉得阿里更伟大，更能担当英雄一词，我上面说了，不只是拳击领域，你查阅一下阿里的一生就知道了，他为这个世界付出了多少，多么去努力。当然这是我个人的观点。?? 伟大 激励了多少年轻人 片子制作超赞 我是最棒的 泪奔 阿里真的很牛逼 
50,高能视觉短片《香烟的命运》,实验,7.5,http://www.vmovier.com/49988?from=index_new_img,2016/9/3,447,喜欢???? 用的是红万或者白万吧？Marlboro还是薄荷的好点。 戒烟二十天整 ，从戒烟第一天开始每天下班回来都要闻朋友的二手烟，此时此刻他就整在抽烟 ，虽然是拼如兄弟的朋友但是我还是要骂他一句，这sb根本就一点都不理解香烟对我这种戒烟期间的人的诱惑力有多大，恐怕诸位考官也不会理解 ，说香烟不香的那几个傻x 我抽烟的时候和你们一样觉得香烟他妈的一点都不好抽。但是戒烟期间闻着二手烟是真他妈的香呀，，，说说我为什么戒烟吧，因为上个月15号看了《滚蛋吧肿瘤君》看的日后既好笑又感动 ，看完之后就决定戒烟 ，然后就戒到现在了。昨天有人非要给我烟抽迫不得已嘬了两口，没过肺，我应该是从心理烟瘾戒除的那一刻决定戒烟的 ，心理这关过了生理上的依赖就太容易解决了 手机打字错别字好多，， 我想删掉这个评论 错别字太多了?? 赶紧点支烟压压惊！ 吸烟，是因为香？是为了呛？还是想透过烟雾朦朦胧胧看世界？ 是为了让肺爽！ 先不说拍的好不好，就单内容看着就无聊，真的很无聊，感觉就像看梵高的画的一样 加油 为了健康请你远离香烟吧！ ………………浪费烟| ???ω??)??? 是呀，费那大劲一根一根卷的、、、 同感 哈哈，此言极是 香烟不香 立意明确，结构层次分明，张弛有度，细细回味蛮有意思，不过却缺少力度 片子好看，香烟太臭 我不抽烟，就不抽，死都不抽烟，我好开心，啦啦啦啦啦了 ？？？？？？ 拍得真干净 这颜色搭配得真棒 香烟的命运肯定是会消失，只不过是被燃烧殆尽或是毁坏掉 深奥 看着觉得好有时尚的feel啊 道具灯光都做得很好 哎，之前也试着戒过烟，用含片，但是还是失败了 果然前半部分看得好着急，后面就很爽 
51,战争伦理反思短片《火箭大战》,纪录,7.8,http://www.vmovier.com/49646?from=index_new_img,2016/9/3,185,欧耶，原来是这种火箭 《火箭大战》？？、就是我们过年放的礼花、穿天猴、二踢脚、、、、 美的不得了 战争是否“事”错误的，有个字打错了。 这才叫激情四射 小编辛苦了 有意思 长知识了 世界之大，无奇不有 很壮观 的战争都是源于怕，对于和平不健全不完美的怕，因为片子开头就提到了，“我们的战争是为了换来和平。” 赞 咱中国的俗话说得好“一个巴掌拍不响。”这部片子确实没有太大的意义，但是也没有太小的意义，看你们怎么理解。所有 画面挺震撼，内容才疏学浅，真没看懂…… 
52,精致大气VIVO手机宣传片《智慧引擎》,广告,7,http://www.vmovier.com/49991?from=index_new_img,2016/9/3,363,这个品牌的手机，我个人认为不怎么好用 让我想起了优酷天天打的广告:广告做的再好，不如进服玩一玩 手机功能很模糊，视频与手机的联系太小了 lg还用杰森斯坦森呢 你怎么不说 中国喷子都没脑子 我觉得手机配不上片子 梗太多，和拍烂了的汽车广告一样。 用外国人来拍用中文配音。什么鬼，这明显是对内的广告。 发表下想法，这片子其他的不说。他的节奏和气氛的选择剪辑都很棒，节奏缓慢的大气背景音乐加上冲浪画面的潮水声音感觉特别好，一种潮流滚滚而来的感觉。动静结合的排比也让画面生动，充满韵律。除了片子一开始没啥感觉后面都很赞。可惜，那手机出现的画面给我的感觉就像是正在听交响乐，突然指挥在中间夹了一句“只要998！”一样……额……嗯 升格镜头和外国演员看着挺唬人的 配乐好糟糕 拍摄和叙事方式不错，但是旁白有点糟糕啊……而且找外国人拍用中文旁白真的违和。还有就是智慧引擎的智慧点表现的不明确啊，出了可以多任务处理以外我并没有看出有什么不同…… 拍摄和叙事方式不错，但是旁白有点糟糕啊……而且找外国人拍用中文旁白真的违和。还有就是智慧引擎的智慧点表现的不明确啊，出了可以多任务处理以外我并没有看出有什么不同…… 看你们都在质疑用老外我就放心了 为什么找外国人拍、 此篇的线索运用的比较好，两段故事交叉并行，最终汇至成功之点，音乐配合剧情的发展由舒缓到激昂，一气呵成，不错的广告片！ 广告是做的不错，拍的也很好，但就是越看越不想买 我支持OPPO 畅快的智能引擎 手机的智慧？ 没有什么新意，看后啥也记不住 有个vivo 手机就可以开挂？文案傻逼 垃圾广告 
53,二战传奇纪录短片《世上最著名的海报》,纪录,6.9,http://www.vmovier.com/49870?from=index_new_img,2016/9/2,603,.只为配音 三张海报的内容太暖心！也让人振奋！ 好想去这家书店！ 海报也时尚 感觉这个配音嘴好湿 守望里也有这张 这声音！戴耳机超舒服 给这个书店打广告吧。 求BGM啊 念白声音好苏( ????? ) Captain America:I WANT YOU。 keep slience and make money. 烂大街了 讨厌 节奏感很好 原来以前就已经流行简约了 挺有意思的短片，制作形式，音乐，文案也挺有意思的 6 6 6 很棒，了解了一段历史 画面精美，英音好听 Keep Calm and Carry On 冷静的英语在流动，精美 我有这个的杯子 昨天才在淘宝上看到这个海报 很棒，旁白的声音很喜欢啊 
54,挑战权威前卫时尚短片《打破规则》,广告,8.2,http://www.vmovier.com/49914?from=index_new_img,2016/9/2,442,拍得很美 画面摄影很漂亮，百合女主更漂亮，合我的口味，哈哈哈 有点死亡诗社的感觉 已经被成功勾引～求背景音乐～  同求背景音乐 蛮好蛮好 百合大法好 黑发女孩一颦一笑都像极了《女性瘾者》 里的女主 背景音乐是什么？ 间于《雏菊》与《斯托克》 ???? 很棒的造型摄影，开头几个黑场出字幕的方式，挺好的，然后声音 和 画面上的反差啊 很棒呢 我喜欢那个金发女孩 我想要背景音乐 。你是个个个个个别在于我们是否应该能拿下第一场雪、一个人操作起来吧嗒？我是有没有没有 我的人员伤亡和财产 无耻的硬了... 这么纯洁的片子啊！ 对打破规矩的怀旧 有破有立，立则守，与时俱进 你开心就好 你也是 
55,心机喵动画短片《与萌宠合拍的正确方式》,动画,7.7,http://www.vmovier.com/49560?from=index_new_img,2016/9/2,351,lumia怎么是Android系统 好眼熟的手机 胖猫，好可爱 有个性才叫宠物----被崇坏了 用的诺基亚撸妹系列哦 鱼唇的人类吖 哈哈哈，丰满肥硕，贵妃猫，有脾气、有个性 这胖猫猫有点意思 有意思 喜欢漂亮的画面，可爱的猫猫????，好胖啊 肥猫当道，为了自拍拼了 猫咪出马果然不同凡响 比起自拍、发朋友圈、点赞、、、、、猫儿更喜欢嘻嘻呵呵哈哈 超级喜欢，好萌。 朋友圈点赞，就靠它了 宠物小精灵也有爱美之心？ 呵呵呵，宠物，宠物，你得崇着它，不是它崇着你 哈哈哈，弄巧成拙 千万被视频误导了哦各位看官们，喵虽然胖乎乎的很卡哇伊，但是就像人一样，身体过于肥胖就容易得各种病，而且影响寿命......所以，如果您真的爱您家的宠物宝贝，给Ta吃太肥哦，用宝贝宠物的健康来讨自己欢心哦......感谢[阿弥陀佛 ][阿弥陀佛 ][阿弥陀佛 ] 有的动物自己不知道饥饱，越吃越多 所以我们身为主人更应该控制他们的饭量 
56,电影场景创意混剪《海报里的世界》,混剪,7.2,http://www.vmovier.com/49956?from=index_new_img,2016/9/2,189,求BGM...真的好好听...还有点小俏皮 有谁能列出以上出现过的电影都是啥么，求大神指点 闪灵，狗镇，天使爱美丽，落水狗，布达佩斯大饭店，大白鲨，血钻，小岛惊魂，只看过这么多。还有一部我猜是。。。别说话吻我。。。？ 可以好好琢磨一下制作组选择海报场景时的考虑…… 剪辑的妹子挺有创意 独特，有创意 有些电影海报是另外设计摆拍的，要是也能出个这样的归纳汇总就好了 没什么技巧，但是想法不错 这妹子好像只剪自己看过的片子 再多收录些电影就好了！ 封面是布达佩斯大饭店！喜欢！ 看到海报我就进来了 有了情节的电影海报 除了影片有些少，其他暂无意见 
57,缘起缘续复古风爱情片《车站》,爱情,6.7,http://www.vmovier.com/49926?from=index_new_img,2016/9/2,217,感动的故事，美丽的画面 很棒很喜欢这种叙事手法 就是一个画画的为了正义去杀人顺便画一张画的故事 艺术家有种莫名的喜感 有点想起《剪刀手爱德华》，也是祖母讲故事，只是结局截然不同啊…… 为什么表演这么浮夸哈哈哈 美式浮夸哈哈哈 战火里开飞机机还走神！可以，这很“小清新” 呵呵，小伙肯定是在天上没下了，老太太嫁给了另一个用右手画画的man. 哈哈这个也可以有 小编上面有解释说他们最后重逢了 这是导演组的一个漏洞吗 一个左手画画一个右手画画 小编没注意到左右手说不定此人左右手都能画呢！如果是两个人……OMG！假如我被生活欺骗，不要悲伤，不要心急…… 缘份在站台，或是分别，或是相遇。好美的站台 美丽的故事 
58,重磅惊悚片《禁闭》首款预告片,预告,7,http://www.vmovier.com/49979?from=index_new_img,2016/9/1,298,虽然有点害怕，但还是很想看。 怪奇物语里的哥哥诶 好好好 好想看好想看，哪里可以看 这个小男孩有故事，我瞎编她仇人或之前爱人因为她死了化身正太来报复扰乱她的家庭，最终这就是谜底。 也许是真的，不是瞎编 ID瞩目 好像再看小鬼飙演技啊。 总是让人心惊胆战。 要么是那个女的有梦游症或精神分裂，要么是那个男孩真的变成鬼了。 这种不断的回放，加速，和暗示，确实很有效果，好了，我该去洗裤子了 ，，，，，你的节操呢。。。。。。。 重磅惊悚--心跳加速 恐怖片导演都盯上他了 鸡皮疙瘩都起来了  好期待啊 房间里的小正太，长得好快啊 这孩子以后肯定不得了 小朋友还是很像女孩子 期待 恐怖片，恐怖片。最爱恐怖片 又是大人被小孩玩 稀饭，稀饭 
59,平行蒙太奇音乐短片《重逢》,剧情,8.2,http://www.vmovier.com/49834?from=index_new_img,2016/9/1,825,警察是小男孩长大后，小时的玩伴如今却成为歧视自己的人，在不同的空间原来是保护性的动作却画面一切变成了殴打。而老爸的出现更是解释了这种突变的原因，老爸代表着把黑白分上下等人的社会遗留问题，其实在感受最直接真诚的小孩眼里大家没什么不同，但这个社会似乎被什么施了魔，有人天生高贵，有人一辈子下贱。其实在最初大家都一样，只是有些自作多情的人给世界下了一个错误的定义。 有个细节，在黑人上前拥抱白人的时候，白人警察下意识还是扬起了警棍，让人深思。 他扬起警棍只是下意识的防卫，因为对黑人的拥抱有点出乎意料，但当黑人兄弟抱住他时，他似乎发现了现在他面前的正是儿时的那个伙伴，而儿时的那段经历也正是他的父辈传递给他种族歧视观念的开始 种族歧视的观念并不是与生俱来的，童年时期警察和现在的他，在影片的平行蒙太奇下形成了鲜明的对。让我们看到了种族歧视错误意识观念，在社会的盛行对人类的成长有多大的危害。而警察的丑陋行为也变的理所当然了，在呼吁反对种族歧视的同时，更让我们对自己国家的文化进行反思，是否做到了与时俱进。 种族歧视就是错误意识。。。。。。 这个严格意义来说是交叉式蒙太奇吧 交叉蒙太奇又称交替蒙太奇，它将同一时间不同地域发生的两条或数条情节线迅速而频繁地交替剪接在一起，其中一条线索的发展往往影响另外线索，各条线索相互依存，最后汇合在一起。 回宿舍好好看看蒙太奇论，哈哈哈 摄影具有质感，剪辑真心厉害，可以好好学习，切入角度也好棒，触动人心。 超喜欢这种慢镜头的叙事风格，加上中平行剪辑，还有那或如诉说，或如呐喊般的音乐，简直能剪到人心坎里！！我感觉这种效果带给人的震撼好像比那种激烈的碰撞，猛烈的音乐更能深入人心，而且这种震撼是久远的，长时间的。 很感动！ 太感人了 感动我的是最后那个拥抱！ OPPO手机里的缓存路径在哪儿 我想上传到百度云却找不到文件所在地，搜索也没用 真的很好看，感动了 6666 很感动 记得之前有部《待放双生花》的片子，也是同样的事件形态，用不同的本质演绎出来，便造成极端反差的结果，让人看了不甚唏嘘。所以除去拍摄技巧，能想到这种创意本身就值得点赞。 点进来之前没抱很大希望会是个好片子，结果第一遍看蒙了，第二遍看哭了 最后那个镜头是白人小孩要和黑人小孩玩，却被同伴拉走了吗？黑人小孩远远的看着（回忆起的他们小时候）白人想起来了，然后不压制这个长大的黑人，黑人很感激然后拥抱了白人？怎么感觉逻辑不太对呢…… 不是感激他不打自己，是认出了朋友 心情复杂，拥抱的即使相遇又是告别 已经打了，黑人头上都是血，警察笑的很残忍 我知道黑人被打了 把白人男孩拉走的应该是他父亲 有种族歧视的意思应该 6666 黑人的笑，真是苦涩 太棒了，音乐MV最适合婉转表达情绪这种不可描述的感觉，慢镜头蒙太奇的方式对这种感觉简直炸裂！ 人性 人心 
60,重度选择困难症讽刺喜剧《星期六》,剧情,8,http://www.vmovier.com/49909?from=index_new_img,2016/8/27,777,这种不应该叫选择困难症，应该叫重度拖延症。 到现在我还在考虑要不要洗衣服收拾房间。。。三个月了。。。再买衣服我就要穷死了 把握当下，就是现在 青年 买台全自动洗衣机吧....如果你没有的话... 字母有错 字幕有错 选择困难症跟拖延症是兄弟俩，ADD是妹妹 为什么我的关注点在冰箱里的香蕉和吃的香蕉不是同一个。。。 重度拖延啊我就是这样… 当我做完选择题，第二天的太阳已经蠢蠢欲动，飞机已坠毁。 妈妈叫我去打酱油，我问她拿了钱，出了门，逛了逛楼下的小超市，买回了酱油。 妈妈叫我去打酱油，我看见电脑已经开机了，于是跟她说我等下去，先把这个问题百度一下再说，然后鼠标动了，网页打开了，网页打开了，网页打开了……我在全世界打了一遍酱油，并且很方便地把它们放进了我的收藏夹，妈妈问我酱油在哪里，我说…… 如果把自己放在一个舒服的条件下，你就输了 可以的，这个片子，以前看到 就今天，也是这种调调的，那段跳舞 感觉挺不错哦的呢，一个节奏的变动。 这就是我，不一样的烟火 有病吧，想的这些时间我都把事情都做完了 灰色外衣还是风衣？挺好看 啊 我就这样 …… 深陷统筹计划之中的天秤座 ?? 也就是懒 我一直以为这是正常现在，好了不说了我还去看病了 感觉好无聊唉 智商？情商？ 嘛叫重度选择困难症？？？！！！就一个懒汉！！！ 男主长得比较文艺 到位 
61,美国国家公园一瞥《园林之地》,旅行,7.5,http://www.vmovier.com/49940?from=index_new_img,2016/8/27,517,有机会可以去美国自驾游 壮观 美 求有谁知道开头的背景音乐是什么吗？急！！！！！！ 我知道 你求我 666 背景音乐是parklands 这应该不会圈起来收钱吧，这么广阔 森林、湖泊、沙漠、戈壁、荒山、巨石、、、、大美自然 赞??！ 园林这个说法好有中国城建的气息啊 摄影师会不会把自己拍醉了 美国怎么这多国家公园？？ 想去！ 好美！ 一辈子一定要去一次的地方又多了一个 所以才说一辈子啊 钱呢？ 我带上你，你带上钱 地产丰富，景色撩人！！！ 
62,耐克日本叛逆广告《不跟随》,广告,7.7,http://www.vmovier.com/49920?from=index_new_img,2016/8/27,599,陌陌之前的广告却被人骂死了。这个也算抄袭陌陌把？ 陌陌那个广告主要是配音受人诟病，这支无论从前期后期都比陌陌那支好多了。 怎么说吧。我觉得那样的文案，慵懒乏味的配音才适合这样的台词。 一分零三秒的那个舞者！是谁！ Koharu Sugawara（菅原小春） 老师早，大家早。今天也要好好听旁人所给的建议，好好听旁人所给的建议。不要急促也不要破坏，不要急促也不要破坏。不要走出已经安排好的路，不要走出已经安排好的路。做不到的事就不要做，做不到的事就不要做。如果只是开心是没有意义的，如果只是开心是没有意义的。赶紧找出未来该走的路，赶紧找出未来该走的路。要有自知之明X4。 调色真棒 不自量力? 好燃。。。看的我在自习室里激动不已。。。放下手机非做上一套高数才停下来。。。。 突然有个思路改成 念中国俗语效果更好 完美的广告，非常好的创意，用文案说的话，和画面不是一致的，来阐述最后的理念。 耐克好叼！ 是妖是人，做最好的自己 我们要自强自立 做自己，不跟随 燃。 不错，有点拽！ 动感！想要动起来！ Nike从不跟随，所以广告做的如此个性！ 永远想不到的个性 想看一下中国Nike做成啥样 广告总监不是同一拨人吧 耐克中国《不必再等四年》 每次广告一出，意味着，钱包要空！ 喜欢Nike中国的不必再等四年 还是超诺陌。 
63,温暖童趣亲情动画《礼物》,动画,7.2,http://www.vmovier.com/49849?from=index_new_img,2016/8/27,314,可是影视电影用vr不是很奇怪吗 电影本来就是镜头语言 你要控制观众你想给观众看的东西 但是电影加上vr之后观众就可以到处看 你怎么去表达镜头语言啊？有点方 …………不吐槽剧情………………………… 哈哈哈 我听到了你内心的呼喊 哈哈哈……你懂的…… 很好 除了配音差强人意，其他都蛮好 好暖。 动画里的美丽童话 期待他们的电影 童心和可爱！  这孩子早熟啊，心里压力大 中间有一段好像那个机车奶奶还是疯狂奶奶来着？ 爸爸妈妈，别再吵架了～ 结果家里乱成一堆又要吵架了 套路不深啊 色彩漂亮！ 这剧情我也是醉了 我看到了unity 喜欢，丰富！流畅！ 
64,诗意人生短片《泛舟克拉尔河上》,旅行,7.8,http://www.vmovier.com/49916?from=index_new_img,2016/8/26,482,梭罗已经死了 好想好想 我们总是被各种理由缚束，往往难以迈出那一步. 找个人私奔吧 不是钱包太小，是太多的欲望不能“释怀与淡泊”，牵绊住了想要远走高飞的翅膀。 就是这样 现在什么东西都敢用“诗意”二字了是吧 湿和远方.jpg 因为“诗意”在远方，谁也够不着，谁都可以用喽 这就是影像存在的意义吧！ 难道只有我一个人觉得像是安德玛和亚瑟士的广告片吗 秋天适合做任何事，看书、旅行、爱一个人 最近老是辣眼睛，早上起来，看这个片子有助于清洗眼睛 简单有时候也很美好，想暂时逃离 买了帐篷一直就想出去露营，但是一直碍于这样或是那样的原因，没能成行，其实我想很多时候就是不能想太多，想做就做了。这种莱昂纳德科恩似的生活真真是吸引人啊 后期做的 火柴人广告 休闲的假日生活，挺好的，弄的我都想买个小机器，作为出游时候用了 有这样的一群朋友，也是幸事 想知道开始的时候那些绳子的摩擦声、敲击木头的声音是前期录的还是后期做的？ 后期录制的・不然会有其它噪音的・・・你只要走动就会有脚步声 ・但视频中明显没有・ 周末啦，我要出去野 
65,拖延症患者终极躺枪之作《就今天！》,剧情,8.4,http://www.vmovier.com/49907?from=index_new_img,2016/8/26,1460,看这种片子我会抑郁 看这个短片，让我想起了女盆友，突然觉得好恶心~似乎以前的自己也差不多吧 我是 因为这部片子，我又拖延了8分钟！???????? 说的正是我！！怎么办？?????? 这不就是我吗 真的是这样，每次说好做一件事，电脑突然弹出个其他什么，就回无穷尽得转移了注意力，看看时间，额，晚上了，玩一局游戏睡觉吧………握草，2点了，睡觉吧，明天再做 烦死拖延症人，一事无成 普通人都这样子吧，IT'S ME.TOO 说的就是我 外国佬每天吃这种无聊的食物真可怜 完了，看完这个片子觉得自己有注意力缺陷障碍?? 最后有小咪的呼呼声 时间不存在它只是个概念，我们所拥有的是精彩绝伦的当下。――人要学会纵向发展，果敢一点对我们没什么坏处。 一看到自己的弱点就难受?? 好多人都这样，迷迷糊糊的一天就过了。乱七八糟 我好怕，感觉和我好像 这是我的日常。 It's me 很写实感觉，经常一个人在家就是这种状况。 
66,德芙少女烂漫成长记《每一天》,广告,7.7,http://www.vmovier.com/49935?from=index_new_img,2016/8/26,554,"吃了德芙一下子就老了 观后感：吃德芙老得快  哈哈哈哈哈哈 背景乐不是玫瑰人生啊 伊迪丝琵雅芙的《不，我绝不后悔》（Non, je ne Regrett Rien） 德芙的广告永远是那么优雅。。。。好美的广告 哈哈哈，宝宝心里自己最美，哈哈哈 盗梦用过，真棒 每天保持乐观态度，老了也会很年轻 中国的德芙广告，我看就剩下特效丝带duangduangduang了(:3_c)_ 自由优雅，每一天都很精彩，德芙逼格瞬间提升，跟这俩词联系到了一起 背景音乐好像不是《玫瑰人生》，我百度搜的不一样 盗梦空间用过这个bgm 赞 好创意 把生命中的每一天当作唯一一天。 背景乐《玫瑰人生》与全片的基调完美融合，这句话说的很好啊，然后，场景调度和剪辑节奏都非常不错。完美的广告。一分半时间，完美阐述最后那一句话。 一位女性从孩童时期到老年被压缩成了一天，完美年龄变化的剪辑 比中国拍的德芙广告强多了！！！ 压缩版的人生日记，跟以往德芙给人“丝滑”的感觉 完全不一样 拍的真好啊 ?一部电影，缩写的人生大纲 "
67,失败者之歌《我离冠军8秒远》,纪录,7.9,http://www.vmovier.com/49912?from=index_new_img,2016/8/26,261,挺真实的，透过屏幕也能感觉到那种失落 八秒，已经是很长的时间 竟然是广告，触不及防啊  黑白风格很好，纪录片采用这种形式是很好的选择 所以他们是还没拿到今年的冠军咯？ 少年 家长和教练的支持是最重要的，理解万岁 痛心，不是你看不到希望，而是看到希望却把握不住 落寞的第二，不会有人关心 失败者的牛尾 挺棒的，最喜欢这种真情流露的片子，镇场画面也非常棒，视频，采访，加照片的素材，整合的非常棒，最后的音乐也挺好。 生活中就是这样，一点分之差就是成王败寇的区别，但是这并不能成为阻止你我前进的障碍 想起高三时的篮球联赛，也是小比分落后痛失第一 血气方刚 
68,王家卫风格宜家广告《邂逅椅子》,广告,7.4,http://www.vmovier.com/49927?from=index_new_img,2016/8/26,360,我以为他们俩要干一P 音乐是什么名字 Yumeji's Theme 喜欢北欧冷淡简约的设计。中式很华丽，日式精致小巧。 椅子的曲线优美、温暖 音乐真的好听！ 暧昧的气息 有几个镜头有点像，其别算了吧，而且王家卫的是独白不是旁白，而且旁白还难听的不行 55秒的镜头特别好，情绪有点像优雅的刺猬里面的日本段落 握手，小编决定微博早安就发《刺猬的优雅》。嘻嘻嘻 作品、设计师，每一款都有故事吧、、、、 ?? 有特色。 优雅而有时代感的音乐，但与画面无对接  经典的设计，经典的音乐 感觉宜家工作环境很压抑。呵呵 画面节奏和音乐完全对不上啊 只有王家卫的音乐，但是没有王家卫的高逼格视听语言和内心独白。 就不该和王家卫比较。明明完全两种风格。 您说的是，我的错 这音乐好有代入感 全程感觉基……OMG 为什么两个人一起设计椅子的镜头让我想到了春光乍泄.....基情四溅 脑洞太大了，就一把椅子 
69,哈莉・贝瑞惊悚追子戏《绑架》首发预告,预告,7.8,http://www.vmovier.com/49930?from=index_new_img,2016/8/25,406,这个套路 见过 “开了挂的妈” 为了子女的安危 激发出母性的保护本能 action mom 发挥出超常潜能像是开了挂 （特工狂花 驯龙记2 战栗空间 超人总动员） 她主演的THE CALL，感觉都是同一类型的~ 必须看！ 很期待，要去电影院看 哈莉贝瑞的暴风女造型很是喜欢！ 一自动挡车彪这么带劲，黑珍珠带你入戏 好期待 擦，有意思? 很期待 期待 感觉很有力量 看到最后有种快感 插入的失踪名单居然是真的，剧组有心了 卧槽，这你都能找到 片子下面的介绍就有写 绑架戏拍成这样太带感了。人贩子都狗带！ 动作大片既视感，期待一下 必看 惹谁别惹妈，哼 哼，对 你们说的太对了，哼 Halle Berry真是碉堡 感觉不错阿 预告片 很有看点，节奏跌宕起伏的，如果出来资源了，我一定去看看。这种片子就是一个人的表演决定一部电影。 
70,对抗心魔获奖悬疑短片《我最亲爱的朋友》,剧情,8,http://www.vmovier.com/49896?from=index_new_img,2016/8/25,595,这个帅。。。 旁白好 为毛前半部分让我想到了肾虚的广告 感觉身体被掏空 有点像致命id 结果是这样的呀 对呀 我分析下两男人，就好比使独行者张家辉跟古天乐那样兄弟情义一般，两傻帽基于一个女子身上比赛，其实女人对他们不重要，偏偏两人就杠上了，玩心理战角逐输赢，意思说我不能没有你有的。懂我吗？在他举枪表明最后是他赢了。并不是‘他’。结尾精彩，酣畅淋漓的结局。 颓废绝望的-----灰 光看镜头，这完全是一个颓废男人装逼时刻秀他哪样动作看起来更觉性感。字幕也太淫荡了吧。若加SM就更好 你这…… 好丧啊，像最近的心情 低音炮，一定是吃了糍粑再来说话的 一定是糍粑 这个打光 转折蒙圈 喜欢配音 在看这部片子时，我正在对抗饿魔，结果可想而知，多么有悬念。 让我想起了，之前非常有名的一位青年音乐人严艺之拍摄《没有影子的人》，这部片子在驾驭视听上，要娴熟很多了，情绪短片，细节到位，摄影气氛都是非常不错的 感觉像搏击俱乐部....因为看了那个电影感觉这个没意思= =，还有点像抄袭..... 
71,我心沉醉雾都旅程诗短片《伦敦之秋2016》,旅行,7.9,http://www.vmovier.com/49918?from=index_new_img,2016/8/25,375,有机会去看看方不辜负啊 Do you have a black felt-tipped pen ？ 毕竟世界三大城市之一 诗歌气自华 超级美... 油画伦敦，美 留在身后的，都是故乡 走过的就是故乡，好美好伤感 就是感觉有点短，伦敦应该还有很多内容可以展现 伦敦啊伦敦~ 这种散文诗配上摄影的感觉特别好 虽然诗人一开口像在唱RAP，但是听着听着也很带感 真棒 相较而言喜欢London is Open 要是再长一点就好了 延时未用稳定...动乱美感？转场用了twitch之外还有什么别的新颖之处 这是继t望塔之后的又一新作么？new style？ 
72,冥湖之上的烈焰天使《火烈鸟》,纪录,7.2,http://www.vmovier.com/49922?from=index_new_img,2016/8/25,428,这个黄标和冒出来的字太有碍观瞻了 湖水就像地狱一样，红色的火烈鸟就是生命的象征，当火烈鸟飞翔时，宛如重获新生。 BGM来自迪士尼自然出品的纪录片《红色翅膀：火烈鸟故事》：Arrival of the Birds 谢谢！…………以前看央视一公益广告就是这背景乐，没找到 画面很美，但时不时地出个对话框，卖个广告，还有那么大个并且颜色抢眼的黄色的图标一直在右下角…… 音乐很好听 谁知道音乐名字？？？ bgm很好但同类型短片听过好几次了 有几个镜头挺美的 人工驱赶的痕迹很明显啊 我想请这种鸟吃彩虹豆 这个背景音乐叫什么啊 挺好的 想飞，我要飞得更高 火烈鸟之舞，醉了 火烈鸟色彩很好看啊！ 想去看一次 一定想，去去去，飞去 封面好好看！！ 求BGM!! Arrival of the Birds 剪辑的不够好 吃到身体变色也是没谁了 沙发 
73,台湾麦当劳最新暖心广告《爱在一起》,广告,7.6,http://www.vmovier.com/49682?from=index_new_img,2016/8/25,476,好一句 回来就会管我，道出多少心酸。 最后妈妈的表情像是有不可告人的婚外恋。。。 文案负分滚粗 很不错的广告，尤其开场的细节非常抓人，直接交代了他常年不在“先生，访客需要登记” 是啊，还有后面的，遥控器很多个，不知道哪个对应哪个，开到了那个扫地机器人，还有不知道儿子转到足球队了 好硬的梗?? 越来越生硬 我倒觉得少了大声的广告词，标语，宣传口号，一句不提。反而越来越生活化，随意化。 很硬吗？我觉得很真实啊，很多“不在家，忽略对孩子的爱”的细节表现的很不错呢！ 好可爱的广告，暖暖的 大声的广告词，标语，台词。越来越生活化。 很暖心 很不错 这广告很台湾 个性 对于小孩子来说，没什么是一顿麦当劳解决不了的 如果有，那就是两顿 如果两顿还不行，就在加顿肯德基 肯德基给你多少钱，我德克士出2倍 我汉堡王出4倍 我必胜客出8倍 感觉一般般 没感觉谢谢 没感觉+99 台巴子拍的温情片都好做作 
74,短小精悍折射人性动画短片《贪・狱》,动画,7.9,http://www.vmovier.com/49693?from=index_new_img,2016/8/25,1271,老蛙鄙视的眼神，小蛙可怜兮兮，这段莫名有些萌啊啊！^O^ 这个故事告诉我们 瘦子是没有好下场的 真正的粉丝，就算我..... 赖格宝 ???? 猜到结局了 天若有情天亦老，我为长者续一秒 换一种眼光看世界！不再井底之蛙，从此有了瓶中之呱！守株待兔是属于老一辈的，新时代的少年啊！向着未知勇敢而行！ 膜法师来袭 贪婪终究会得到报应。 哪里都有你 头像太辣眼了 小家伙图样图森破 饿了想吃而已，何来的贪？ 嗜吃，七大罪之一 ′ 没人知道，这只是dts x影院级别的环绕声试音短片么 没人知道 带着耳机真以为有苍蝇在耳边 闷声发大财是最吼滴 +1s 。。。 哈哈哈 膜 你们给我搞得这个东西啊！ 一！… 光线高帮做的 皇战做的好棒 输入炸了 虫莫虫合 好蛙还是老的精！?? 老江湖和小江湖的故事，话说、、、、、 
75,国外暖心广告片《把眼泪变成微笑》,广告,7.8,http://www.vmovier.com/49872?from=index_new_img,2016/8/19,637,画的好漂亮(??ω??)?? 虽然很广告，但是挺用心的 演员真漂亮 求背景音乐 片子非常棒 顺便淘宝上查了一下这个创可贴还真不便宜啊！ 哈哈哈，德国进口 大大地，结实的成长就会有伤疤 可以 好创意 这个画比给块糖吃吃还甜 用眼泪作画，创意很好啊，对小朋友来说很有价值 晶莹剔透的一滴泪里有了万千世界 把受伤的事画下来，免得好了伤疤忘了痛 看来又多了一个哄小孩的方法了 无处不在的广告，但是很有心 哈哈哈，打一顿就好了 求BGM！！！ 背景音乐很好听，文字也好看 原来是创可贴的广告啊 暖心广告 第二个小朋友笑起来真好看 感觉现在的广告都是猛灌鸡汤打鸡血，像这样清新的还比较少见 
76,GoPro年度创意短片《一只手的旅行》,创意,8.3,http://www.vmovier.com/49874?from=index_new_img,2016/8/19,1069,"好一只咸猪手 一念间，非咸、非猪、非手、、、 就这个创意，卖100块钱，99%的中国电影人都不会buy,你们信吗？这个idea要说多牛逼也不至于，关键在于拍摄和剪辑。our电影人只会做一些他们惯常做的而且是大众司空见惯的东西，创意的or冒险尝试的他们从来不敢，但是如果有一个人斗胆成功了，他们又一窝蜂而至，争相效仿，极尽山寨之能事。 赞同~ 犀利 想不出来，也不想花功夫去想 哦不，大部分对，但是有一点，难度比较大的，花钱找别人做会比较贵的就不会去效仿。利益至上,将思维和智慧扼杀的本国电影人。 你好了解我们电影人哦 有什么好上纲上线的？这东西难度不在于创意在于时间成本，平时没事谁会耗时三年满世界跑去拍摄？这和山寨无关，更上升不到什么电影人的层面，全世界每一个人，只要感兴趣，拿起相机就可以拍，为什么非要扯上电影人 同求bgm 不管怎么变 还是一如既往的西式风格 Adventure 冒险进行中 动感十足 场景丰富 只不过把行进中的人换成了行进中的手 反观东方（典范是日本） 就没那么多动感 都是内心戏独白多 含蓄不张扬 中国喜欢模仿日本那种小清新 心思又没日本的细腻 所以感觉不到位 变得嗦嗦不知所谓 三年，坚持的魅力。 应该叫做：女朋友的旅行=_= 剪辑点牛逼 哈哈 看晕了 这是视角上的创意+剪辑上的创意，内容普普通通 不错，值8分。 制片人能剪会剪，绝对有奖 6666 求BGM 《一只咸猪手的故事》 一千个耍流氓的理由 很有创意，w 果然看的我眼花缭乱?? 小时候我也喜欢这么晚，假装手是一只动物 不错 WOW~ "
77,烧脑独白短片《我妹妹的玩具洋房》,剧情,7.9,http://www.vmovier.com/49792?from=index_new_img,2016/8/19,209,烧的是脑，是不玩具洋房 很简单，就是要你看不懂~ - -完全看不懂。、、希望以后有解释 只有我心疼那个手机吗 看完视频和撰文，还是不懂，为什么要烧妹妹的洋娃娃房，这样子做不是让家人觉得他很恐怖吗 在拍摄手法上运用了大量的画面居中以及快速剪辑。配合着腔调十足的旁白，着实让人玩味。 这句话我是非常赞同的，就像是法国电影《天使爱美丽》开头一段的感觉。类比镜头，与旁白之间 全部的抽离感。 没有看懂…… 小编的撰文已经说明了一切。 为了拉近亲人朋友 这种冷幽默，看着挺累、也挺喜欢 这是意识流的拍摄手法吧 完全看不懂，收藏 有点蒙，细想我们每日的生活也是这样东一手、西一脚的，没有什么章法，但没章法的混沌里自有其可循的真意。 太震惊了！应该怎么说呢……相似点的连接。这片子跟我是一样的。 摸不着头脑的幽默感好喜欢 看完后有些蒙逼，看了范范的“观影提示”…貌似懂了……牛 这个故事流露出来的信息让人感伤 想法不错 不明觉厉 有可能男主角根本就没有妹妹，所有的一切都是策略 
78,延时摄影奇观《花与虫》,创意,7.6,http://www.vmovier.com/49879?from=index_new_img,2016/8/19,522,虫子们正在未开放的花骨朵上面自拍，花骨朵说“一起拍一起拍”，然后就开了…虫子说“我”，于是就飞走惹…………花骨朵觉得很忧伤，就哭（枯）了 卧槽这个可以 哈哈……我脑子里面的黑洞开始工作惹…… 一路洒满阳光------灿烂得太有才了----是财！！ 求科普 都是什么花 我想知道拍摄的设备是什么？这么高清 听说有精通插画的人，可以让花朵在很快的速度开放。不过枯萎……有点难以捉摸 虫子是不是后期做上面去的 有点捉摸不透，花的开放是一个漫长的过程，虫子的爬行速度却是正常行驶速度。电池电量是如何保证，花的背景得需要多大的工作量啊！如何做到这些还真有点百思不得其解。 花上的小虫子都好可爱 ?? 花与虫的世界也那么美 有诚意有想法有态度的作品，美美美 每朵花都美的让人窒息 最后一种是什么花 有个疑问 昆虫的爬行速度如何做到跟花朵盛开的速度一致 看完之后我也有这个疑问啊。花朵开放或者是凋零肯定是长时间的过程，需要延时拍摄，而虫子明显是正常的移动速度，虫子与花的互动也很真实，感觉匪夷所思。我猜想单靠前期拍不出的，估计有后期合成。 一眼万年 感叹时间的神奇 一花一世界 66666666 有诚意才能有想法，才有创意，赞同此观点， 无忧无虑的虫不知道静止的花已经穿越了时空隧道 看开始还没反应过来，后来看出了门道66666 
79,精巧构思悬疑短片《路灯》,剧情,8.1,http://www.vmovier.com/49871?from=index_new_img,2016/8/18,905,"""超精致""？无法认同，我个人评分只能给它60分，刚及格。除非你拿国内的垃圾来比较，那它可以拿100分。 看了你的其他言论，嗯，国产电影未来就靠你了 期待大神的作品~ +1 第一遍没看懂，只是觉得如果是回忆，那车不应该是现代的啊？然后就直接看小编的文字，原来剧情是这样，只是小孩长大需要一、二十年，这么长时间路灯都不变，罪犯还待在原地？可能我根本就没理解这个故事，试着再看一遍~ 不变也不是没可能 凡人皆有一死 凡人皆需侍奉 唯有长者永生 这楼歪的【捂嘴笑】 重复的命运，但可以是不同的结果。遭受厄运的人，有些是将厄运再次带给别人，而有些是则能认清罪恶的源头。 路灯大概是指人内心的良知吧，很有意义的片子。 这个片子是在说，即使你身处绝境，依然会有什么东西指引你方向。最后，让人感叹的不是小男孩的记忆力，而是在他失去一切的日子里，路灯依旧没有放弃他。 …… 绑架犯死后，切到小孩逃跑的镜头。我想这是男主的解脱吧 看完之后还是不懂，看了说明还是不懂，看了大家的评论还是不懂。 就是老人是个绑架犯 后面拿枪的才是小孩。。前面说的巴拉拉都是绑架犯的话。不是小孩的心里。。但是从镜头上会开始让人以为那个老人是那个小孩只是在回忆 第一遍没有集中注意力看，还没反应过来就完了？一脸茫然～再仔细看完了第二遍，小时候那段不堪的记忆成为了他人生的阴影，不过也许导致他“失去一切”的不仅仅是那次绑架，也包括他心里埋下的仇恨而复仇杀人的罪恶。结局的反转不得不说其构思之缜密。 一次被犯罪 这样报复不算理性吧？ 童年的记忆最为深刻，在一个噩梦般的环境下成长，报复心会不断加强，理性这种思维逻辑早就在他处在那个环境的时候就已经掩埋了。。。。。 剪辑障眼法 这个点提的很好啊 文案很棒， 画面影响很棒，然后，惊人记忆力这点，这个真的让我没有想到，类似于 唐人街密探 中的结巴小天才 求封面！！！ 在首页这个视频的封面上右键“新标签打开图片”就可以另存啦~~ 谢谢！ mac的右键没有这个选项啊。 真不幸，绑架了一个聪明的人，埋下一生的罪恶隐患 被鸡奸，心理受到伤害反而再去伤害别人，不也没可能 在我看来，不只是单纯的“绑架”....： 1、男主开篇即说没有家庭，没有妻子，这一定是有原因的 2、接着，男主被带到了一个环境里，凶手没有把他眼睛遮蔽（没有头套）也没有锁起来，而是给了他一个相对宽松的环境，说明绑架勒索可能性不高，而是想长时间困住 3、后来的旁白交代了男主去看过心理医生，而且心理医生说像男主的情况别人都会有“羞耻感”（这点最重要 ...） 总结下来，男主是被凶手困禁过一段时间，并且#@&%* 以上 啧啧啧脑洞大开 为什么罪犯开头说他没有这段遭遇会娶妻生子。 细思恐极 路灯微弱，同时也只是在黑夜中点亮。最后男主带着仇恨的眼神开枪的时候，应该也是他在无数个黑夜中经常萌生出挥之不去的羞耻感的映照 "
80,撕裂婚姻谈判动画《12年》,动画,7.6,http://www.vmovier.com/49861?from=index_new_img,2016/8/18,585,12年的时光却变成了一句无足轻重的谢谢 这个与之前兔子和蛇的好像啊 还以为会不会是同一个出处呢 表情到位。。 三维挺棒 确实效果挺好的，我觉得男狗眼镜的反光有点太硬了 直接开干让人看的真是爽啊！ 小编，是戏谑，不是“戏虐” 12年！换来的只是一句轻蔑的谢谢 呵呵，如果他是一支大dog 棒！ 不错不错 狗也说英语吗 不止是狗 外星人都说英语 得了便宜就别卖乖了 全身心付出的12年，换来一句 ---- 谢谢你。可悲的婚姻。 有时婚姻敌不过白云苍狗 表情精细、对白带入，结果狗血 婚姻呀到底是甜还是苦，慢慢体会吧！ 苦甜混杂，不忍放手 最後好牛 我怀疑是用了面部表情捕捉工具 不然工作量会非常大 而且考验动画师的表演能力 刚看到1分钟 迫不及待的赞一下 连动画 非真人 演技都那么好 表情多变而细腻 佩服制作人员对细节的把控 
81,悬疑轻喜剧获奖短片《麦田怪圈》,科幻,7.9,http://www.vmovier.com/49713?from=index_new_img,2016/8/18,356,"获奖？什么奖？Excuse me,真的不觉得哪里出彩，100分满分的话，我只能给它50 我有个办法。你去拍一个 恕我直言，我真不觉得这个片子能获什么正经的奖项。 上面那位不过是在表达自己的想法，说的虽不好听却也不置可否。而你的回复看起来就跟那些对着影评家说你也去拍个的人一样，殊不知博采众长才利于成长。 PS那里不是有说获什么奖吗？服了，自己不仔细看，不好的地方又不说出来。 这是苞米地啊 外星人是用卷尺来量距离的？作者也太小看外星人的科技了，じぇじぇじぇ。。 麦田怪圈不是这样的好嘛？它虽然被弄出形状，但是不会影响植物生长的，怎么会是像这样被压平的，好扯淡 悬疑 科幻 轻喜剧 获奖 短片 真没看出来 关于外星人悬疑短片整个气氛与节奏都 掌控的很好 好像有一个模仿星星爷的一个短片导演，好像也拍了一个这个题材的 可以的 外星人来苞米地偷苞米 好看 麦田怪圈，明明是玉米地 我想麦田就是欧美国家的人自己做的 这外星人砸就不来这儿压麦田 **kko'z'fgz'kqdhrzqrd。q 巴啦啦小魔仙2333333 +1 如果我看见这么萌的外星人我一定不会叫的，直接晕倒 被萌得直接晕倒 哈哈，那个女导游很有戏 我一直都相信麦田怪圈是外星人所为 偶也信 UFO ET ～～～?宇宙这么大，坚信其他星球有生命！ 麦田怪圈有各种解释不能把所有论点都推翻……外星人又不是没事儿只跑到地球在麦田里画圈圈 对，真希望you yi 麦田怪圈能有人解释啊 它们的紧身衣不错 玉米田里事真多-.- ……不，还有高粱田（“红高粱”）?? 外星人，快把我带走吧 那个帽子也是醉了，是和万磁王的一样防止外星人读到自己的思想吗？ 估计是23333 "
82,来自松下的可爱设计《从生活出发解释电能》,广告,7.8,http://www.vmovier.com/49862?from=index_new_img,2016/8/18,275,我想知道日本人有多少是被电瓜的 这个广告好清新，，，，让人们关注环境 非常喜欢松下这个企业，很实在 你知道电是如何产生的后，你眼中的光会愈发不同。 广告做的好就是不像广告， 能量处处在，神奇 不知道为啥我想说，节约资源保护环境是我们每个人的责任！ ！ 做广告真是需要无限大的脑洞 超级可爱 超级用心的可爱 橙子那个好神奇啊，时不时所有水果都存在电能？ 建议选酸性较大的像柠檬橘子之类，这和PH值有关。具体原理百度“水果电池” 大部分能量来自锌片 绝对棒棒的 让小小的电池也变得有温度了 不知不觉拉近了我们和电能的距离 有种6666的赶脚 可爱，喜欢这种清新简洁的风格 确实创意好，赞！ 
83,人生正能量励志短片《抉择》,励志,7.7,http://www.vmovier.com/49866?from=index_new_img,2016/8/18,1260,……路是我们走出来的?，人生是本书，生活是张纸，我们每个人，都是自己故事的书写者…………加油！每个人…！ 说得好 ?????? 自己的人生自己写 片头转硬币到片尾硬币停下正映照着全篇主题：选择的困难。而且影片采取的是黑白色调，我觉得这在某种程度上也暗示着人们在面对一些难以决断的选择时的无力感。所以，那句话说的好：当你不知道怎么选择的时候抛硬币吧，当你看到结果时心里所想的也就是你要的答案 赞 希望字幕是英汉同屏 有人知道背景音乐是什么吗 改变是痛苦的… 知道不去做，等于不知道。佛家说，人在世上有愿力和业力两种。愿力大于业力的人，不忌惮，无论生活多么清苦，一心成办事业。业力大于愿力的人，因循度日，随波逐流，即便知道是非，也难以付诸行动。 just do it 情绪 视觉化，挺棒的小短片，抉择，音乐也挺有意思。 说实话，即使视频的题材不是我喜欢的型我也会点进来看文字，写得极好的d ^_^? 完了，都很好看！ 从前，我每做决定时，我的脑子里总会有两个小人，他们相互争斗，使我犹豫不决，那使我痛苦，后来我掌控了自己，我亲手杀掉了那个总是提醒我退缩的小人，只留下了一个，叫做一往直前，此后，我挺好的！ 老奶奶说，“我应该如何做”显得更成熟，所以我们就应该放弃“我想如何做” 吗？不，因为路是我们走出来的 最起码“想如何做”决定“应该如何做” 嗯哼 不管人生有多少种选择，只能选择一个；无论人生的路多曲折，也只能是一条单行线。如果早知道了结果，也就无需选择了。做自己想做的是任性，做自己该做的是成熟，该做的恰巧又是想做的就是幸运了 真实，触动人心的两分钟 加油 看完让人好难受，但这就是事实，每个人都有自己的难处 希望自己能果断些，别患什么选择恐惧症，任性如我 有得选和没得选一样让人为难 你不能决定你的人生，但是你可以选择生活的方式 
84,小小艾草大用处《造物集》S04E07,生活,7.5,http://www.vmovier.com/49867?from=index_new_img,2016/8/17,358,太好了。 终于舍得让他媳妇露脸了?? 俺准备亲自做一个！ 哈哈 早该推荐这简单有效纯天然的驱蚊方法呀。蚊子的嗡嗡声就像轰炸机，恐怖得睡不着 积极 狗狗，狗狗 狗狗好温顺呀 艾草和艾蒿是一个东西啊，哦哦 赞，这个环保又实用 看着，仿佛都闻到了药草的香了 老祖宗留下的宝贝 喜欢，准备去淘宝店来点。 我觉得第一个感觉好健康哦 都很简单也很实用，哈哈 有这么多用处真是宝贝；） 不错不错 用了艾蒿百毒不侵！哈哈 
85,大龄男孩追爱记《不能先说我爱你》,剧情,8.1,http://www.vmovier.com/49857?from=index_new_img,2016/8/17,410,先亮底牌的人人往往就失去了主动权，就是这样的 不觉得 我都是先说 以诚待人心口合一 失去主动么？。。如果对方喜欢你你也不会失去主动。。如果不喜欢你只是玩玩你也能感知到 我想知道背景音乐是什么? 看完竟然很感动 所以黑人也有牙黄的~~233  我的天 血一般的教训 so clever you are(心机如你)！ 真是血的教训，往事不堪回首 今天就体验了一把血的教训。难过了一天～ 我很喜欢和你上床……什么话？不是找踢吗！ 求女主唱的那首歌的歌名！！！ 不能先开口 女主好美啊，像泰勒 欲擒故纵才行，一上来就表白，不能这么着急啊 欲擒故纵-----故纵成真，跑了咋办 哈哈哈 大爱里面的色彩，搭配，隐喻都是极好的。 这么帅的小伙子，怎么会找不到女朋友 缘份 他的基友是不是喜欢他？ 床上的“我爱你”只是XX的兴奋剂……我爱你，真的很神奇，…但是，这声音，一定要从心底发出来才好……? 握草，王不留行，全职高手里的？ 人家妹子还没想跟你谈恋爱呢，你就放这么重的话，能不吓着嘛?? 
86,神结尾恶趣味动画《月从天降》,动画,7,http://www.vmovier.com/49858?from=index_new_img,2016/8/17,774,小男孩死的时候我不由自主地“厄”了一声 结局(′?_?`)啊哦哦哦哦 我心脏不好~ 这是反套路？ 呵呵 毁童真 呵呵 呵呵 我小时候大人老说不要指月亮，不然会割耳朵，现在只能说，月亮会掉下来?? 路飞嫁到海贼王就神作了 跟我想的一样，嘎嘎嘎 这个血案结局虽然很意外，但不得不说挺烂的，感觉前面制作的那么精致都可惜了 想不到的结局，鬼节吗 ......这结局 好奇害死猫 是小男孩做的噩梦吧 少发点这种！ wtf 还在纠结他的手指尖那么平的时候砸我一脸血 醉了。。。 wtf，，， 这尼玛，毁梦想 
87,送给奥运失利选手的诗篇《信仰荣光》,广告,7.7,http://www.vmovier.com/49860?from=index_new_img,2016/8/17,501,观念的转变 需要时间 46秒凸点了 估计导演是加拿大人 说实话，这鸡汤不咋地 失败可以被接受的前提是做了最大的努力。 我们欠刘翔一句道歉 刘翔是英雄 他的荣耀属于他自己，因为他为此付出了青春。这是黄种人在速度爆发的田径项目中的第一块金牌。不过之后他的做法不讨人喜欢。民为水，翔为舟。水能覆舟亦能载舟。是国人的各种愚蠢害了他。各种方面的。 悲情英雄更让人荡气回肠，致敬所有的英雄 每一个参赛选手，都是用生命在比赛，不论结果好坏，他们都是很棒的。 加油！ 这届奥运会还是很精彩的 住每位选手都能实现自己的价值 祝大家好运 运动员的训练强度真的不是谁都能坚持住的，尤其是对那些退役了又重返赛场的人来说，要付出更多努力 之前看举重，看得我好揪心啊 真的，看着都帮着使劲。 确实，有好多国家到现在也没有拿到金牌，但还是一样积极参加奥运享受奥运 此片的出现与目前形势吻合，鼓励失利的运动员再好不过的。但是感觉翻译好像有些问题。 说的很多，赞 4年一次的奥运会需要多少努力啊 台上一分钟，台下十年功 
88,补考前暴虐喜剧《选择题》,剧情,8.1,http://www.vmovier.com/49852?from=index_new_img,2016/8/17,1023,这个姜有点辣 看了三次，每次都觉的喜剧感爆棚。 我们好像做过这个英语阅读理解 构思精巧 这个很虐　～～ 哈哈哈哈哈 弄爆轮胎他们三个不都在场吗？为什么不知道？ 好像没有弄破轮胎。。。。 你大爷永远是你大爷 最显而易见的东西往往最容易被忽略，结尾用到了囚徒困境，显然教授是个博弈论高手 怎么才能做到优秀的电影节奏 哈哈哈 美式喜剧风， 呵呵呵 主人公难道就不能向老师解释下吗 已经修好了胎 要不怎么开回学校？ 发现个穿帮之处， 0:31地面是有落下东西的 0:34可以发现地面上的书、纸等杂物都不见了 ，几乎一眨眼的功夫 而且主人公冲出来时并没有弯下腰捡起资料的行为发生的可能性 同样有发现 才来看评论有没有人发现 老头露出了神秘的笑容 哈哈哈，笑死我了 这三哥们昨晚在宾馆里干嘛呢?? 哈哈哈，最后一个镜头亮了 哈哈哈，一个谎言的代价 
89,感人纪实回忆录《外祖父的空房间》,纪录,7.8,http://www.vmovier.com/49824?from=index_new_img,2016/8/17,163,求片中的插曲 没有太过激情和煽情的对白，但从画面就足以使我眼眶湿润，行色匆匆的人群和凝固的房间产生了强烈的对比，我是个念旧的人，看见一个物件，也许我就看见了与它与他们的所有时光，也许是一个世纪那么长，有些画面我们再怎么刻意也想不起来了，但是它就在那里，我们爱的人就在那里，虽然外面的世界变了模样，好久没有回外公外婆的老房子了，想他们了……实在写不下去了，好难受，希望他们在另一个世界都好，也希望我们能找到一个伴随我们一起变老的人 芦荟 真的代表复活啊？ 时光流逝，物是人非 文案 与 流光的岁月画面，和类比画面剪辑。触动一个人，绝对不是用狗血的 没有太过激情和煽情的对白，但从画面就足以使我眼眶湿润，行色匆匆的人群和凝固的房间产生了强烈的对比，我是个念旧的人，看见一个物件，也许我就看见了与它与他们的所有时光，也许是一个世纪那么长，有些画面我们再怎么刻意也想不起来了，但是它就在那里，我们爱的人就在那里，虽然外面的世界变了模样，好久没有回外公外婆的老房子了，想他们了……实在写不下去了，好难受，希望他们在另一个世界都好，也希望我们能找到一个伴随我们一起变老的人 人生就是一个个相似的循环，不计其数的循环，想想真没意思 不知所谓 离开的人或许永远在你心里，可恍然发现，关于他/她，竟没有一点点影像资料保留在身边。 人去楼空，人----去了哪里，空下的又是什么？ 人生苦短 一个人的墓志铭上呢写下些什么？一辈子那么长，又那么短 对自己好点 就像是蜗牛的空壳，证明它来过 我已开始还以为他要讲人生呢，竟然只是一个家庭故事，这么含蓄 时间和空间是永恒的，你我不过是匆匆过客 记忆可以保存多少年，怎么证明你来过 片尾植物明明是芦荟，代表着复活，人虽死了，记忆犹在，死者复活在影像和记忆里。 哈哈哈，确实是芦荟 
90,发人深省励志短片《死亡警告》,励志,8.2,http://www.vmovier.com/49814?from=index_new_img,2016/8/11,1934,"没有一粒尘埃出现在错误的地方 剪辑和镜头调度很赞了！但是色彩的变化也令我很嗨啊！最深刻的是老人躺下之后那段，黑暗情节直扑内心! 这这这片子在哪拍的!？我找到一套关于废墟的图片，都在这个影片中唉。。。 哇哇哇 好厉害 好赞 大赞 好流弊的摄影 和 剪辑啊 震撼东京 类似 演讲赞，画面赞，主题突出！ 向死而生。 酷喔 很棒 水中倒影那个镜头到栏杆切出来的镜头怎么做的啊？ 魔 啥意思呀？ 航拍还可以这样做。。 看星际穿越就有一种死亡的感觉 推荐vimeo上另一个大神，Matty brown,非常赞 片子不错 但是它传递的哲学有点不对味 因为他体悟到的终极生命 只不过是我们还是婴儿时就自带的 唉 死了就死了吧 不过如此 闭上眼，就这一世间 迈亲？ 我一辈子都在学习死，学习处于死的状态，一旦我认真学习的死到了年前，我到反而害怕了，那不是笑话吗？----苏格拉底 石雕是谁 这镜头运动太帕嗽趺醋龅降 没有人想死，即使是去天堂，也想活着去。 怎么重复推荐。。。无语了，小编在哪里 仔细看，最新推荐的是可以滑动的 原来如此，谢谢?? "
91,运动员坚韧成长史《完美无法定义》,运动,7.6,http://www.vmovier.com/49805?from=index_new_img,2016/8/11,302,完美，美 要从娃娃抓起！  看到最后是广告，真是措不及防 也是万万没想到 运动处处在，广告无处不在，哼 ...我去，我就说最后的奥运五环怎么看得这么别扭。。。。 拍得很精细 用什么机器，多少帧率能拍出这速度？求问~ 交叉剪辑很赞 不只是“完美”，对任何一件事要想深入认知，都要经过去标签化这一步 无法定义……嗯哼 因为太出色，所以无法被标签化 最后落地时那个笃定自信的表情太帅气了 喜欢女孩小时候脸上骄傲的神情 
92,巧遇同路人暖心黏土动画《看见》,动画,7.9,http://www.vmovier.com/49798?from=index_new_img,2016/8/11,713,看略缩图就觉得风格特别像贾科梅蒂啊! 本以为要独自走完全程，却发现有人同行。搓中泪点，什么叫你根本就孤独，但还是希望自己能够遇到同行的人 这样的世界，不能理解。 哈哈 卡贴布推进 图解炉具退 很佩服，就是光整这些东西都很费功夫 我们眼中的世界也许本就各不相同 途径直 啊啦卡巴 图了腾 兔兔她 不敢 能用我自时阿卡丽，图库贴 兔兔 她贴图库 凄美的小提琴曲在耳畔萦绕，心随之感动 噜噜噜图他图图解炉具退 讨论 了啊 离镜头进兔兔兔兔 徒徒秃及 同居秃噜啊 两个人相遇，没有过多寒暄，就已经知晓彼此是同类人，一开口问的不是“你也看不见吗？”而是“你的故事是什么？”这种默契太美好了 他们眼中的世界。比你我想象的要更加丰富 结尾是什么意思？是回忆？是幻想？还是只是隐喻聚散匆匆？ 那两段曲子真的是很好听 认知世界的不同方式……走心！ ……听，触摸，感受…………想象，…无论眼睛是否能看见，爱无疑是最美最温暖的风景? 今天来得真早 哈哈，因为有预感你们会上传视频?? 来， 流动的色彩，生动的音乐，还有深情，有很多情绪可以寄托在这里 他们虽身处黑暗，但却比诸多茫人更加绚烂。 相遇很美，遇见“同类”更美 
93,纯情对望爱情短片《沉默的爱》,爱情,7.6,http://www.vmovier.com/49810?from=index_new_img,2016/8/11,994,"纯美的爱情，两个人每天坐在同一班车上，坐在同一个座位上，只为等待对方。虽然女主换过几个不同的男朋友，但是心中爱的还是那个他。美好的结局，完美的爱情 没有男朋友 我常想，可能那些插肩而过的人因为缺乏主动，而丧失共度余生的机会。一句主动问好，说不定能改变很多事。 背景音乐是什么 这么渣的短片竟然也能算微电影・ 经常关注的网站 别给做烂了・ = =马的 智障 妈的智障 拍摄的时候演员沟通有问题啊，男主人公最后画画的那一幕，笔记本翻页有问题啊，不可能这种漫画从前往后画最后这样翻啊，难道你没事儿会倒着画画？不过其它的部分挺好的 Yes上是个叉，她拒绝了 nonono，外国对的用叉，错的用圆圈 在国外，单选题打勾打叉画圈都是选中的意思 很喜欢这个剧情 结局、、、、茫然 其实觉得这个短片的音乐和片子严重脱节，不单是节奏上的问题，这个音乐本身就不是根据片子编的曲，而是audio jungle上的免税版音乐，配乐在片子前面一处也有很明显的剪接痕迹，整体来说并不能算很精致的短片。 反正听不懂， 明明虐狗节已经过了，可为什么还... 就当是教学片，学点实战的技能 女主声音好温柔啊，意大利语好好听~~~ BGM: Tim McMorris-Live and be free 诶，我没有看到片尾有说bgm是什么(""□) 感觉很清纯很初恋的感觉 但是又多了一种社会上的含义 多了一种身份。爱情是属于每个人的权利 与生俱来的 不受控制的心跳加速 超棒 寻觅到--内心--深处一种《觉》 也就是说，撩妹，还需看你的技能点加的足够用 男主角帅 流口水 找着一个同名的！ 喜欢这种暖暖的片子 美好的憧憬，但女的最后那样的表情，让我感觉结局不太美好 最后同意喽，哈哈。女孩选择了yes 怪不得没有马上开口，原来是聋哑人。 世界上有多少纯粹的爱情，都被腐蚀的太严重 现在是物质爱情的时代~ "
94,超萌手指广告《有你在真好》,广告,7.7,http://www.vmovier.com/49804?from=index_new_img,2016/8/11,426,"好暖(?????????) be together,not the same。和而不同 想起手指饼干 还真是萌呀。 萌化了！！！！ 真心佩服 动动手指，一切办妥 用手指创造出无限的可能，无限的未来，安卓的广告果然给力 手指剁掉剁掉~ 好卡好卡…………………… 最后果然华丽丽 从来没用过安卓系统 这个广告赢了，花不了多少钱却达到了非常好的效果 好有想象力，赞 来来来，我们来比试比试 安卓……哈哈，可爱的手指……真是创意大大滴有 省钱的创意大大滴 ～(￣￣～)~ 动动手指，世界大不同 好可爱啊，超级喜欢 要不要这么可爱啊 可爱的萌翻了 萌萌萌！ "
95,清透修复乳《造物集》S04E06,生活,7.5,http://www.vmovier.com/49817?from=index_new_img,2016/8/10,363,"来看看瓶瓶罐罐?( ""? )???? 天天这个鬼东西放在首页 什么鬼 哈哈，我来看狗狗 我觉得我也可以开家化妆品公司什么的啦 我是因为喜欢那些瓶瓶罐罐才来的 清澈通透的瓶瓶罐罐，看着就清凉 不错 快来救救我的大油脸 沙发 今天这个还比较溶液 果断买一瓶 夏天去油，这是一个永恒的话题 每周三，坐等更新 "
96,游泳名将菲尔普斯动人广告《最后一战》,广告,7.8,http://www.vmovier.com/49801?from=index_new_img,2016/8/10,1132,求bgm啊 拔火罐那个哈哈哈哈 帅 美国安德玛 安德玛。。。厉害的牌子。。。 这背景音乐好听 是什么 BGM：The Last Goodbye - The Kills 文章最后有的 ?? 针对这个，网上段子手们是这么来侃着玩儿的：洋人仰慕我天朝上国的医术，却只学了皮毛。学会拔火罐，而不知拔火罐后不能碰凉水。体操队员也就罢了，居然还有游泳运动员也拔。哈哈哈哈哈，这些人七日内必寒气入体啊！！！ 冰火两重天???? 留胡子的菲鱼好帅呦 人本平凡 差在自制力 看不懂说什么啊 这算什么，李宁在个人生涯里得过106快奖牌 一个伟大的人！ 被推送笑进来的 拔火罐走向世界?? 一项神秘的中国传统民间保健项目惊现屏幕，那就是“拔火罐 歪果仁竟然也会拔火罐？！竟敢山寨我大天朝！！！ ??外国人 这腰...要是在床上...... 滑稽笑，活捉一只基佬 他宛如一条大鱼 哈哈哈，拔火罐真的让我眼前一亮，看时不知道为什么会用到这么个镜头，看完小编的话才稍有了解。 UA 韩国人又要出来说，这是韩国的！ 哈哈?? 
97,混剪：爱在旧时光《颜》,混剪,7.9,http://www.vmovier.com/49722?from=index_new_img,2016/8/10,2158,"爱上你，竟花光我所有的运气。或许爱在最美的时候戛然而止，才是最完美的结局，也是最悲的结局，亦然是最难忘的结局。 不知怎么的 国内出现很多烂片 看看老电影的摄像机走位 灯光等 感觉比现在要的很多 现在唯一好的就是画质比以前好而已 仅此而已 走位？你他妈再说一句走位？ 我就说了 镜头走位 你咬我 很不错啊~！节奏，音乐，情感，都很棒~！而且我感觉整个视频就在将一群人的爱情故事啊，而且根本没有违和感，我没有太在意视频里的配音里的文字，只是把配音用作背景音乐了，感觉也很好啊。这种片子用越大的屏幕越有感觉，因为不是大特写镜头拼起来，你们那些手机狗们所以看着不爽啊！！！哈哈哈，片子真的很棒~！ 真的是棒棒哒 感觉有的地方过度得有一些生硬 我爱的她，她对我没感觉 旁白把视频毁了 那你把声音关了看啊 以前的美各有风情 现在。。 如果没有中间文字的话我感觉会更好，而且是翻倍的变好。 不好 没感觉 解说不喜欢，背景音乐没有起伏 解说不太搭 很多没看过 这些电影我都看过，这些故事我都忘了。唉！ 明明只是光影 为何你我却都偏偏动了情 心在，情方动 概然是剪港产片为什么不用原音呢，我看很多所谓的混剪粤语片，但很多都用了配音，对此我觉得很不能接受，我不是在挑拔国粤语，我只是想剪片的人尊重原音，不要因为怕别人听不明白什么意思就用配音，这样决少了原音原片本来的味道，这样剪的片最终也是缺了本来的味道，不好意思，这片我是看不下去了! 你不喜欢就别瞎逼逼！ 还好，周星驰御用配音石班瑜是多少人心中的经典啊！！ 你不喜欢我写的东西可以不管，但你又回复，回复的又没素质，你这不就是说自己了吗，不喜欢还瞎逼逼的回复,看完别回了，回了就真傻了! 同志，我怎么觉得你回了更傻 。。。 同志，你跟他是一伙的吗？怎么就不能好好说话呢，留个言都侮辱人家，把人家想表达的意思都忽略了，这样回复几个侮辱别人的字，让别人又教训一下你，这样有意思吗？有本事就冲着我本来的文章来给意见，没意见的别在这里回侮辱别人的语言，你这样的跟别人购通，你语文老师知道吗!语言也会伤人的,文明人。 混剪本身就是二次创作 肯定会带有创作人的主观情感 为什么不用原音就是不尊重呢 那你这样说是不是也是不尊重这部混剪的作者呢 人家同样是花了心思 时间 精力 付出了感情啊 不要动不动就上升到道德高度好么 至于原片的味道 一千个人心目中有一千个哈姆雷特 你要是觉得不符合你心中的经典 你不喜欢人家做的东西可以不管 但你有回复 回复的又没有素质 你这不是在说自己了吗 不喜欢还瞎逼逼的回复 看完了别回了 回了就真傻了！ 同意楼上的看法。本来就是创作来表达作者的某些情感，何来的不尊重？人家又不是给你定制的片子非要投你所好。。。自己喜欢吃辣的非要说人家喜欢吃甜的不是。 忘不了的爱在旧时光 爱上她的眼睛 美言：放肆地哭，无悔地笑，，，入得了眼帘，合得来心意，，，双眸永难忘却！！！ 我不服，为什么小编不提一下哥哥张国荣 哈哈哈，哥哥绝对是男女通杀！ "
98,皮卡丘PK好基友之《精灵宝可梦GO》真人版,剧情,7.9,http://www.vmovier.com/49727?from=index_new_img,2016/8/10,589,哈哈哈笑死 妹子好漂亮啊 这要是有真人版！ 国内什么时候能玩，好期待～ 虚幻的疯，恐怖 国内不能玩哎 有点恐怖?? 童年主角终于要登上大银幕了 妈呀，这是个恐怖片啊 十万伏特 ……皮卡丘…… 皮卡丘～ ? 什么时候开放国服？ 哈哈哈哈，《名侦探狄仁杰》之后有了《名侦探皮卡丘》 可以预见，真人电影《名侦探皮卡丘》出了必火，不同于与魔兽，口袋妖怪的受众人群更广，情怀更深，不论是游戏还是动画，都是80后90初的童年，男孩也好女孩也罢，当年的我们，谁没有个口袋大师梦，非常的期待，希望剧情好点，国产电影的特效现在做的都还不错，可以在剧本上多下点功夫。 疯了这是~ 自制的也算不错了，期待真人大电影，不过《名侦探皮卡丘》怎么听着怪怪的 可以预见，借VR AR的东风，一大波游戏IP将迎来第二春 
99,色彩较量幽默动画《油画》,动画,7.9,http://www.vmovier.com/49806?from=index_new_img,2016/8/10,310,蓝色的好像小小 感觉胖子按部就班 瘦子随意自然 一幅画融合了感性和理性 哈哈哈，够有趣的创意，赞！ 憨憨的胖子，精灵般的瘦子，PK PK ，有趣的PK 哈哈哈，一幅油画就这样诞生了 创意不错 Color 想起韩国综艺，“撕逼名场面” ??最后反转 打架桥段，溜溜溜！顺溜的溜！ 起先是蓝白红 然后蓝红相争 应该把炸弹设置为绿色 最后把法国炸得一团糟 这个可以有，作家写文就是文字的较量，厨师炒菜就是蔬菜的较量…… 哈哈，对，这个不可以没有，较量无处不在 所以画家作画就是左手和右手打架 放学别走！ 穿了蓝裤衩的大白 好像减完肥的米其林轮胎 这灵感的来源不就是任天堂的知名游戏《喷射战士》 啥？ 
100,初见东京延时摄影《你好，东京！》,旅行,7.6,http://www.vmovier.com/49726?from=index_new_img,2016/8/10,576,转场很棒 真正的都市只能说东京了 东京的繁华程度以及跟人流量都不是纽约，上海能比的，胜在中国有香港 这个镜头切的很有趣啊，升格加延时，这是怎么做到的？求幕后！！！ 想问问过渡是怎么做到的 过度问题知道怎么做的了吗？ 网上搜了下 应该有放射性模糊转场和别的转场 AE可以做 Pr需要插件吧 谢谢 sigoyi 摩登都市我只服纽约，东京和首尔香港有种说不出的感觉，感觉差点什么，我们的上海就不说什么了 首尔就算了吧，应该再加上伦敦 想学习这个的后期！ 抱歉回复错了?? 5D3能拍升格！？ 通过AE+Twixtor 可以实现不错的升格 好棒d ^_^? 稀饭 想起了我弟一次去东京的经历，被震撼到了。在商业区过马路确实是一种不一样的体验。人潮澎湃！ 十字路口斑马线上人潮澎湃的场景--震撼 想去和服体验馆 剪辑还可以，拍的素材一般般，没有显示出东京的特色和不同之处 赞赞赞 你好，东京 不夜城 喜欢 想看《迷失东京》了 不由觉得我应该去日本旅个游 我也是 哈哈，确实发现延时摄影都好喜欢去东京啊 因为是不夜城啊 你去就知道是什么节奏了 不分白黑 
101,泰国去套路可爱广告《美味过后》,广告,7.9,http://www.vmovier.com/49755?from=index_new_img,2016/8/10,1019,广告好，因为他们有一个好的甲方。在中国，提案这种创意，直接出局 虽然很不想承认，但你说的很对。 哈哈哈哈哈，………………虽然不喜欢泰语的语调，可是广告真的很棒呢！！！……呀呀呀，点赞，扩散……? 泰语的语调很有亲和力 就跟广西壮族话差不多 反而是韩国的前轱辘不转后轱辘转思密达超级难听 ……或许吧，每个人对待事物都会从自己的角度去看待……广西壮族话挺喜欢…怎么听也不觉得泰语像壮族的方言 灵感如泉涌 最牛逼的应该就是一个商业广告变成了一个公益广告吧。。。。大赞 完美的阐述了品牌形象，用幽默轻喜剧方式，两个男演员表演的挺好的呢，思考 与 行动表达方式不错 打破套路，打破常规 手撕鬼子1000人，也赶不上泰国广告一分钟过瘾。墨守成规难成器，打破传统才该是传统。 广告我只服泰国 笑出眼泪了，泰国广告都很牛逼 疟了 真的好 我就想说 ！完美！ 泰国的广告总是出人意料，蕴意无穷啊 很好的创意，一方面主题突出，又与受众互动 总感觉泰国盛产人妖，跟泰语有关 萌萌的小“妖女”，卡哇伊 泰国人就是会拍广告 就服泰国的广告 很好看 跟可口可乐的一个好像 当有一天我们回归用手抓饭吃的时候，就物尽其用了 
102,坚守信念体育短片《不寻常的奥运代表团》,运动,7.9,http://www.vmovier.com/49791?from=index_new_img,2016/8/9,836,极端的民族主义，是战争的温床。域民不以封疆之界，固国不以山溪之险，威天下不以兵革之利。  点赞 将田径、游泳等奥运项目与现实中逃避战乱的真实场景结合，令我的心突然抽痛起来，泪奔~ 世界上每一天都在发生战争，希望人类不要那么贪婪。希望无辜牺牲的人越来越少 祈祷世界和平 这才是奥运所代表的精神 不为荣誉，不为自己，只是想让你们知道还有万千难民 封面党 我很庆幸，生活在和平年代，那个逃难的，看过一个报道，就是警察打人的视频，感觉很心寒。大家应该记得那个绊脚的记者吧。 拿金牌了???? 能让人们感动的片子都是好便宜，事件无对错黑白，每个人的角度不同，答案不同，只是但愿人们幸福安康，就片子来说，内在，片子节奏都是牛逼的作品 看报道有人竟然提议将竞技游戏加入奥运，好搞笑，那是运动吗？ 宛若智障 电竞很多年前就被加入国家体育项目了 你都说了奥运的本质了。。竞技。。所以。为啥不行呢。哈哈 勇往直前，不再逃离 为了和平 巴西流氓国家 这些人还奔着奥运精神去参加，但是现在还有所谓的奥运精神吗 希望他们能过上越来越好的生活 很感人 喜欢，感动 感谢奥运会还记起被大多数遗忘的人 真的是需要付出很多的努力 真的挺动人的 
103,创意定格纸制美食《肉丸笔尖面》,创意,8,http://www.vmovier.com/49789?from=index_new_img,2016/8/9,557,挺好的！！！！！ 看饿了，想起早些年类似的片子了 真得会玩啊！ 翠花，来碗通心粉 会玩，这么有创意 其实这种风格早就有 我小时候看过一个叫鳄梨沙拉的 话说你的小时候...也仅仅是四年前吧... http://www.vmovier.com/19487?from=search_post第85届奥斯卡最佳动画短片提名《鳄梨色拉》想到了这部。 我要一份通心粉?? 卡哇伊G～～ 逼格满满 突然想按照视频自己做一碗真材实料的肉丸笔尖面 好玩！^O^ 好有才！这都想得到！ 挺有意思的 竟然看饿了 不错不错，很会玩 猪肉牛肉，我算是看出来肉丸的食材了 我去给你下碗面 好啊好啊 ……老板，来碗肉丸粗面(?>? 没有粗面 没有肉丸 老板，来碗粗面(づ ●─● )づ 没有肉丸和粗面 (??益?)…………米有牛丸和粗面，那为什么不把我的钱还给我……我要告诉你麻麻 撒娇也不给你糖吃 ……不给我吃糖，也米有牛丸和粗面，……(??益?)坏姐姐 好创意 
104,打破性别界限获奖短片《美丽到家》,剧情,8.3,http://www.vmovier.com/49765?from=index_new_img,2016/8/9,411,乙？ 猝不及防的广告感 一？？？9 我想到一个电影《丹麦女孩》根据上世纪30年代的真人真事创作，讲述的是丹麦变性艺术家Einar Wegener和妻子Greta Wegener的故事。 06006 ？ 一 乙 看开头我以为自己在看剪刀手爱德华 做自己最棒 性别一直是一个人类内心无法跨越的鸿沟 www.slvdy.com 有点感人 有趣 ……有一瞬间，以为那个扮女装的男人是汤姆.汉克斯……嘻嘻，开头挺酷 ladies together，我觉得太棒了 打破常规，打破局限，做自己 ！！ 讨厌化妆，好难 支持 是废材特工的那个女士吗？超像诶，你们发现没有。 有点感觉不适，美----真是个主观的东东 开头让我想起了剪刀手爱德华 没有很大的波澜，却将一个深刻的道理阐述出来了，可谓深入浅出 对最后的结局很满意！不惜在乎任何人的看法！ 但觉得有一点还是，她过不了自己母亲那一关啊 喜欢这种淡淡的，却很有力量 看完居然很感动（虽然题材有点……） 
105,励志女性视角大选宣传片《希拉里们的故事》,纪录,7.9,http://www.vmovier.com/49728?from=index_new_img,2016/8/4,341,走到今天不容易，你只差一步就登天了。 真的，其中有一点感谢男士的，感觉说的真的很好，感谢字幕组，非常详细的注释。 知道这是竞选视频，可是还是忍不住感动 因为有这些伟大的女性，女性才真正的站起来 喜欢梅丽尔・斯特里普 川普也物化女性，比如稿选美什么的。都黑心 给希拉里洗白的，克林顿夫妇干了多少坏事。。 美国人搞政治运动，煽情起来真是有一套 just so so 打鸡血了 看见梅姨我就进来了。演过撒切尔的梅姨自己也是女性之光啊 希拉里和川普都在拉拢明星助阵，不过前几天看到新闻说Justin Biber拒绝了川普团队。嗯，是在专心抓小精灵么 哈哈 You raise me up！音乐给煽情加了好多分 感觉能马上起来去战斗 
106,桂纶镁城市主题微电影《再见》,广告,7.9,http://www.vmovier.com/49731?from=index_new_img,2016/8/4,1059,再见，那年的《蓝色大门》，我们的纯真年代！ 桂纶镁像我第三任女友 我镁 看见桂纶镁我就点开来看了。喜欢文艺气息。引人深思，告别过去。看着过去的自己曾经的记忆历历在目，再见，为了更好的你。 有人知道里面的双肩背包牌子吗？ 桂纶镁啊！女神啊！每个角度，每个造型都美到爆炸！ 是u咖啡的？@N好的片子?? 离开杭州坐高铁时的感受！ 如果最后擦掉眼泪TAT变^_^ 平均好酸，科科～ 良心广告，其实更不愿意说是广告 品牌就应该有点担当，不能老是自卖自夸，我喜欢这样的广告， 在城市，一杯咖啡里探索人生，原来是广告 创意和形式都很好！眼前一亮，但是个人觉得观点出走，探索..跟产品的关系有点弱，在城市探索城市的solgan与咖啡本身并没有太多解读，不是太容易明白  其实观众这么一过脑 以后路遇咖啡馆名字带city的 或者外带杯那个大大的表情 应该很容易想起这个故事吧 然后故事的亲切感会带他进去探索 P.S.在国内大众消费者心理上看，进入一家不熟悉的咖啡／茶馆，本身就像是一种探险 都是冲着桂纶镁来的么？马丹，我也是呀 桂纶镁女神啊！！！初恋啊！！不能说的秘密，看了不下于20遍！ 再见 自己 优点都能看到，然而缺点并不是。要平常心 ……桂纶镁好不容易说了句台词……台词出来后TMD瞬间不想点赞惹 创意牛逼啊 桂纶镁大爱 再见 
107,青春不散场毕业展映TOP5《INSPIRATION 灵感》,剧情,8.2,http://www.vmovier.com/49744?from=index_new_img,2016/8/4,271,对摄像机镜头景别画面构成和光线的处理太厉害了！很美！故事虽然不是很突出，但是作为一个短片，真的很棒！！文艺艺术短片看着很舒服不就可以吗！ 啥时候大陆的长篇电影能有这样的审美啊！！！！！ 剪辑上有亮点，值得学习，可是故事展开我觉得还有欠佳吧 挺抑郁，没看懂 这个作家是因为女朋友自杀（跳楼）而得了抑郁症，故事的开始是在一年前的那个楼顶上 …… ? 摄影灯光美术确实品质很高，剪辑也很好，值得学习。但是从头到尾都没说清楚故事、只是在故弄玄虚。人物的矛盾有了――他有抑郁症，那他的人物性格呢？矛盾从何产生？他是怎么解决这些矛盾的？ 这些才是应该注重的东西。否则，再怎么华丽的镜头也是无意义的，不如去拍MV。 you can you up. 这不是长片，画面即语言，情感不一定非得靠故事表达 很棒，我们怎么才能拍出这种感觉的？ 怒豆渣也认为摄影、灯光、美术等可圈可点. 
108,海泥清洁面膜《造物集》S04E05,生活,7.5,http://www.vmovier.com/49747?from=index_new_img,2016/8/3,382,……材料哪里有卖？……虽然很喜欢造物集的东西，但是很想尝试自己动手……嘻嘻(??ω??)?? 请关注造物集的微信号哦，会有材料购买渠道推荐！ ??????阿里嘎都！ 这个字幕和“造物集”是什么字体？ 支持造物集??希望出更多??好喜欢，准备去淘宝大购买，好心奋，第一次那么放心的去购买?? 什么时候能上淘宝，能买呢？ 淘宝搜索：造物集品牌官方店，就可以买到视频中的产品哦！， 看过来，看过来；） 所以说所谓的玫瑰精华，就是泡了干玫瑰的水蒸发而成？这不还是水蒸气吗... 不全是 gghh 背景音乐是什么呀～好好听～有没有人知道呢？ 一个字，买买买！ 一个字：做 手残，做不出～ 你可以去他们的淘宝店铺买 做女人真的好麻烦呢 沙发ヘ(^_^ヘ) 
109,日本常败赛马传奇纪录片《失败者之光》,纪录,8.5,http://www.vmovier.com/49723?from=index_new_img,2016/8/3,658,人们对一匹马失败的宽容 有时候远远超过了其他人 很好看，但并不打动我。因为我觉得这是一部讲营销的片子。哈哈哈！可以从中学习到关于营销的知识，虽然我对营销的理解很少，但我觉得营销就是要从人心出发的。 没人想起海饼干？ 配乐棒呆了，这种纪录片再来1打也能看完~ 人看到了输赢、看到希望、看到坚韧，??看到了沧桑巨变 如果只论输赢那不是人生，那是战争。 奔腾年代?? 哈哈 哈哈 动画记事结合，好的不得了 我也好喜欢 来来来 红花与绿叶的故事，感动 最感动的是春丽每次比赛都还元气明朗啊~！ 马：我不是跑得最快的，但我是活的最久的～ 跑最快的只有一个，只要活的最久，就有可能跑过最长的路途，看过最多的风景 中国从来不缺优秀的故事 缺乏的是敏锐的眼光 挺好的 有几处泪点 动画做的挺好 它印证着日本失去的十年 ！ 这片子叫人看得稀里哗啦 高，实在是高 参访类纪录片能否多一点 看到合适的会及时推荐哒~要是有我们没发过的佳作，也欢迎推荐呐 
110,H&M励志短片《向每一次胜利致敬》,广告,7.6,http://www.vmovier.com/49724?from=index_new_img,2016/8/3,759,"凡事皆不易，为自己的每一次胜利喝彩 通篇没有还没有hm?，这就是广告的伟大之处。 nothing came easy,but nothing really important does 非常好 最后亮了……那是谁岳父来着？……忘掉了…… 开始行动就是胜利，无论你年龄几何 旁白不错 血性 运动精神让人振奋 有点像耐克的活出伟大 大神们！！背景音乐！！！ 求背景音乐 现在找到背景音乐了吗？ 最后那位是变性人吗。。。 以前是美国的什么奥运冠军，后来成了卡戴珊的继父，现在变性闯进了时尚圈…… 变，变，蜕变 run 为胜利 已经感觉到奥运会就要来了 漂亮~！H&M做的广告也棒棒的哒，最喜欢看这样有故事，有血性，由内涵，有态度的广告了~！ nice "
111,青春不散场毕业展映TOP5《言行疑致》,剧情,7.8,http://www.vmovier.com/49735?from=index_new_img,2016/8/3,351,什么抄袭国外微电影，这部片子的灵感应该来源于杜琪峰韦家辉的《神探》，作者应该也是杜老大的拥趸，所以这是一种学习或者致敬。并没有什么不可以，作者也没有厚着脸皮说这就是他本人的创意，你们这帮吃了酸葡萄的狐狸。。 这厮人格分裂吗？ 结束花絮时候的背景音乐是什么？求 同为学生!!! 抄袭就是抄袭。没有什么抄袭的好。 可以讲临摹，不要讲作品。 如果大家都为了抄袭开脱洗白，我们永远都没有好东西。 人格分裂 不对影片作评价了，很多人观影素质也就那个水平了吧。 没看懂，谁能跟我解释下呀 应该是他杀的人，男警官是他幻想出来如何应对警察的拷问，预演让自己怎么开脱罪行 他想出来的人说的话好像唐唐 先不说抄袭，作为一个学生做到这个级别的，真的很厉害！学生时期就能使用悬拟片拍摄手法，而且颜色没问题，动作画面剪辑节奏感非常好! 最后结局悬念，真相到底如何？ 看了深藏不露，结尾是一样的，这部只是多加了一部打斗戏。。 没错 抛开剧作结构桥段不谈，人家室内打斗镜头设计和剪辑可能真的比很多干了很多年的人都好太多，所以拿作品说话，别用嘴 打得太好玩了。我已经一帧一帧拉过了 确实很厉害。  you can you up，no can no bb～ 不错 抄袭 桥段来自 国外微电影 深藏不露 抄袭 广美毕业展时候在展厅看过，一堆毕业作品里面水平算中等吧。个人更喜欢那个如意古董店。记得这电影当时不是现在这个名字 我觉得不错 不错，一个学生能拍成这样 
112,超现实主义讽喻动画《断头歌手》,动画,8,http://www.vmovier.com/49737?from=index_new_img,2016/8/3,481,国外学生和国内学生作品 真是半斤黄金和八两废铁的差距 滚蛋吧你 没有必要过度的太高或者贬低吧，作品 都是作者用心做出来的，随便一句话就否定了别人的努力也是很不好的吧！的 正巧在看奥逊威尔的1984。书中贫民窟的酒吧，象征着强压之下的怯怯发声，人们在自己心声指使下去反抗“大头”却被强大的手腕给压制，一次次的压制下，人们换掉了能独立思考的大脑，封住了可以发表理想的嘴巴。音乐变成了独裁者口中的旋律，听歌的全是没有嘴巴被程式化批量出来的独裁工具。歌手和和他的灵魂，全都不在了。 乔治.奥威尔 动物农场也不错.. 为什么我想到了郭沫若…… 作品不错，密集恐惧症不行?? 挺好的创意 挺好的 节奏有点慢，没耐心，怎么办？！ 讽刺的对象分明是俄毛 拉出去续了 挺深奥 开始不是不让唱，而是群情激愤，砸碎独裁者的肖像 密集恐惧症患者表示已经吐了 虽然作品的确不错 小编这错别字也是。。。见见浮现在面前、射日心魄。。。 不知中国有没有自动校对软件？ …………先抛开剧情…画面，画面！！…………鸡皮疙瘩…… 文化人的悲哀，呜呜呜！ 感觉故事不是像小编说的那样，而是：反抗军（类似）强行让主角当精神领袖，反抗独裁者（但是失败了）。失败后独裁者看中主角的才华，给他换了个身份，让他为自己歌唱。 么么么，我想和你做朋友。 小编大大，您好啊，朋友什么的，我们的发展速度会不会太快了（窃喜） 情节还是看不明白，只明白开始不让唱，把头取下放到别人身上，但是没唱。。。感觉有但说不出，是好片，以后慢慢研究，， 强行讽刺美帝支持的埃及军政府 开始的时候唱给起义军听到（掌声响起，反应热烈，感觉找到了精神领袖），扔酒瓶也是扔给独裁者。（但是主角也害怕这起义军的暴虐），后面被强行当了精神领袖。 好瓦心，好多大虫纸 哎呀，回复错了，本来要评论的 偶，是这样 开始不让唱是因为他主角的歌声唱出人民的心声(人民都讨厌独裁)后来换个身体就是让主角去歌颂独裁者（身体是军人的身体 军人代表服从） 主角反感这样做所以挣扎着没出声 是的，任何人都可以成为评论家 。 不错 良心作品 中间那段超现实表现的很到位，让人头皮发麻 超现实的鸡皮疙瘩 独裁，控制言行，首先就得从文化下手 不明觉厉 
113,先锋派勇敢从心之旅《在云端》,旅行,8,http://www.vmovier.com/49738?from=index_new_img,2016/8/3,557,画面 真美 忘我地追寻美 恍惚中我可以跳进云海里！在这里跳个伞怎么样 我去，在云端真心美???????? 就问题很戳人心啊，以为是钱的问题、时间的问题，其实还是因为自己怂啊 站在云端那一段真是美翻了！ 美呃！在法罗群岛是吧 ！喜欢??美！ 站在云端看云，真美 都是别人家的风景 咸蛋超人你有你的星球啊 我有我的天空，但上面全是雾霾 ??????已哭瞎 大师伯格曼晚年生活在法罗群岛，直到他去世也葬在了法罗岛上。他生前一直在寻找这么一个安度晚年的地方，最后终于如愿以偿，找到了这个如诗如画的地方。 真是生也诗意，死也诗意 真漂亮！！【我说的是风景不是女主，我是认真的。】 给了脚这么多特写，竟然以为是某个鞋子品牌的广告… 哈哈，回头去看了一遍竟然好想买那双鞋 心灵，梦想，自然。融为一体，升华形式、概念。 
114,热门游戏的真相《Pokémon Go黑镜版》,剧情,7.4,http://www.vmovier.com/49729?from=index_new_img,2016/8/3,511,"大娱乐时代 没有节制只会玩物丧志 我朋友也是如此的，手机游戏玩到疯，吃饭睡觉醒来，逛街，车上。厕所间，一个过度沉溺在手机里的人，脾气绝对不会好，耐心也不会好，最重要的是，身边的人会被冷落，而我们还无法去做什么。 黑镜那熟悉的开头让我萎靡的精神为之一振，等着烧脑的情节，精妙的构想，结果内容水准远远不及黑镜，好失望 这么制仗的游戏真有人爱玩？这世界变化太快让我措手不及啊。。 瓶子里的东西好像炸鸡，我饿了_(:з」∠)_ 就我听力听出四或五不是四十五？ 黑镜的创意不错，低成本的小剧 玩得不是""物""也丧志，丧了理智 有蛮夸张 最后是什么意思？ 没有黑镜好看… 口袋妖怪 哈哈哈可以 中国上线 科技成了“害人精',可怕 恩恩 哈哈哈，注孤生 最后瓶子里那是什么 看着恶心 一般般吧，不是那么好玩，也抓了几十只的样子 黑镜真的是神作。 黑镜真的是神作。 真的不做个屁股黑镜？屁股太好玩了！ "
115,国产新作3D动画预告《观海策》,预告,7.8,http://www.vmovier.com/49655?from=index_new_img,2016/8/2,1922,少年半藏与原氏 我支持这样坚持做优质国产动画的动画人，但是我不喜欢这样的宣传，还没进来看就见标题定义是神作，国外那么多的优质动画也从来没敢自称神作？ 有时候，有的宣传不一定和制片方有关系，主编看到好，就义务劳动，帮忙推广咯 明白，我是就事论事，没有埋怨制片的意思。 这部片子沉闷 古板 而且毫无创意 想模仿lol的宣传片 结果 不是写着新作嘛…… 结果什么？？你有什么资格这样评论，你好像很懂的样子哟. 之前的标题是神作，估计是小编觉得也不合适给改了 谈不上资格 略懂 为什么我想到了，，，奥观海，难道是B站鬼畜看多了，，， 希望正片质量效果也和这个一样，支持支持！ 人物没有秦时明月好看 开头的配音太弱了，没有代入感…… 我觉得很好看 中国3D尴尬的地方：科技赶不上作者的脑洞 但是这部作品在国产中还是挺让人期待 希望有个好剧本，之前这一段所谓的预告片看着索然无味 好像有点厉害~ 为毛小兵都带着面具？ 游戏的即视感 希望最终出来的不仅仅是特效 好酷~?? 不错啦，国产的动画能有这样的剧情和效果 难看 呵呵 难看？？？ 现在国内的情况，动画片不好做，太容易亏了，支持一个 少年半藏源氏吊打狂鼠配音 制作得非常好！动作连贯自然，干脆利落！希望制作团队能坚持下去，以后一定可以大放光彩！ 哎哟 不错哦 
116,马特・达蒙银幕进化史《好莱坞“野马”养成记》,混剪,7.5,http://www.vmovier.com/49720?from=index_new_img,2016/8/2,549,男神。 明天谍5上映了 今年张艺谋的《长城》也是达蒙上嘛？ 是哒 男大二十八变 呆萌哥都快四十八了 ……c(○^?^)?? ? 呆萌 从谍影重重开始---123，今年的5什么时候上映啊 所以他和本阿福莱克共同组成面瘫组合并一起出演很多部影片。 你说的太对了 年轻的时候还蛮帅的，现在…… 今年好像有两部他的戏要上 小马哥已经在大叔的路上走远了 没有收录长城 马特达蒙也是一位高产的演员了，当初被心灵捕手圈粉 岁月是把杀猪刀，磨刀霍霍 曾经跟小李子分不清 哈哈，我是分不清他和马克沃尔伯格 有点长……………………………………………………………太长了！ 
117,马来西亚感人父子情深广告《冲！冲！》,广告,7.2,http://www.vmovier.com/49465?from=index_new_img,2016/8/2,573,当幸福来敲门 看到父亲被推在轮椅上 说着VROOM VROOM的时候 鼻头一酸 祝福路途中的人，平安 呜呜~(>_ 他妈妈是走了吗，还是去世了？ 跟当幸福来敲门相似的剧情 开始前面还不怎么样，后面眼泪就崩了≥n≤ 爱的反哺 当幸福来敲门 好赞！ 嗡！嗡！ 很感动！ 很感动 
118,奢华贵族范时尚短片《王子在米兰》,剧情,7.5,http://www.vmovier.com/49504?from=index_new_img,2016/8/2,331,求片子音乐 有谁看完是和我一样有种神清气爽的感觉的~ 请问大家怎样保存文中的图片？ 太棒了！ 意大利真是品质尊贵！比英国更甚，令人向往！ 度娘百科说他出生在美国我也是傻傻的分不清，这片子整个一意大利广告・・ 只有我觉得菜好吃吗？???? 资本主义的极穹奢华 社会主义也一样可以极其奢华。只是制度不同，并无优劣之分。 只有我觉得那个菜只有一口吗 那么说 要为你准备20份以上才够 一巴掌，啪，主角梦醒了 一巴掌，啪，你该醒了 我对意大利的向往始于《绝美之城》 之前的这部也是他演的吧 http://www.vmovier.com/44830?from=search_post bingo！你好棒！ 有钱人的世界我不懂 时尚老爷子，让我想起张双利 有钱！高级！ 费费很有风情啊 最后菜端上来，冒出一股魔气 菜凉了，是凉气 前面铺垫得那么暧昧，以为是会公主呢 西装好赞 
119,贴心满满浪漫广告《远距离，零距离》,广告,8.1,http://www.vmovier.com/49696?from=index_new_img,2016/8/2,586,自从关注了微电影，鸡汤免费续杯，狗粮无限添加?? 啧啧，录下的声音是个好礼物 想起了我异地的女票…好想她…… 快录音！ 这女的是《七宗罪》里面的翠西 她的蓝盆友在火星种土豆捏 哈哈哈哈 也有可能是在某个书柜后面偷偷的发着摩斯电码 温馨 ? 小辣椒 喜欢链接里那个《唯一的爱人》 世界上唯一永远爱你的人，喜欢《唯一的爱人》 也太走心 看到一排录音带的时候震惊了 一排排录音带，好有历史感呐 懂了之后觉得好有心 异地恋没有最苦，只有更苦 产品植入刚刚好哈哈 也太浪漫了吧 宇航员的浪漫，想到《星际穿越》里劳模姐的老公在家给她收集唱片了 这样的温暖很难得，能如此静听不容易 精致又走心 
120,战争与人性剧情片《第39天》,剧情,8.5,http://www.vmovier.com/49657?from=index_new_img,2016/7/27,725,战争与人性永远是对立的，影片对我最大冲击就是小生命的诞生和父亲的辞世，这儿冲击力真的很强，片子没有过多的突出战争，更多在放在了叙述新兵的心里活动上，很太多镜头很有代入感，让我在想，如果是我，我会怎么办。引人深思的一部短片。 之前看过美军对中东的作战纪实片，而这个只能称之为电影艺术。 肯在开头的说唱说自己是个fcking killer，最后却恰恰相反，比死亡更能让人震撼的是新生 孩子的父亲胸口是啥情况 为什么美国有911事件，其实是美国造成的 恐怖分子都洗？为什么法国有尼斯事件？为什么德国有慕尼黑事件？为什么中国有昆明事件？ 死亡与新生，刺痛般的对比，人性是多么的，， 灯塔之国 这是美国为自己洗白么？ 不得泯灭人性中的善，哪怕是为了不得已的战争！不杀戮投降的人就是仁慈！ 是人性中的什么引爆了血腥的战争，又是人性中的什么在战争中现出一点温暖。一点温暖在血腥的战争里多么可怜、可悲、可叹。岂能在这一点温暖里就淹没了战争的原罪！！！！！ 别打仗不就好了。。。。 以一个个小小战争瞬间的人性显现来掩盖整个战争的残酷，是美化战争吗！！！如果没有战争，孩子会在明亮温暖的产房里降生，孩儿他爹会幸福地守望。 其实在其他角度看来它是从人性来更加明显的突出战争的残酷 与人性之美，人心之善形成强大反差。 只是角度不同罢了 是做一个士兵还是做一个人呢？庆幸是善占了上风 不知道戳中了哪根神经。很喜欢 哪里是一般的“学生作品”，明明就是成熟的专业作品 表演很细腻啊 孩子出生之后父亲咽气了，对比很冲击 愿世界充满爱！ 美帝又来美化战争了 见真地 沙发 
121,漫威宇宙新英雄故事《奇异博士》预告第二弹,预告,7.3,http://www.vmovier.com/49667?from=index_new_img,2016/7/27,1086,和老毛子的长城一对比 诶 罗德的腿估计后来就被他治好了 美国的特效技术甩我们的几个世纪 帅！ wifi密码要是Sherlock多好啊 就冲卷福，肯定看 复联又多个魔法师 看起来更接近x-man的人物 大家不觉得漫威影业的新logo丑哭吗？ 说像夏洛克的，这本来就是夏洛克好伐，同一个演员！！ 穿披风动作帅炸了 恩 这男主怎么看着有点耳熟 这个算不算漫威有史以来最牛逼的 wifi 大反派竟然是麦子叔！！！ Wi-Fi密码笑死我了 DC拿什么对抗 这部电影有种族歧视，那位导师在漫画里是西藏的一位男子，，，，， 命运博士。康斯坦丁。 DC从来不感冒，只希望我的暴雪宇宙快点到来 看起来好酷。。 奇异博士只是魔法系的英雄而已 后期boss都是变态 不组队打不过 灭霸手下有完克奇异的小弟 如果我有这能力，一定能吊打小怪兽?? 小怪兽哪里招你惹你了 
122,音乐：少年之眼看世界《BETTER LIFE》,音乐,8.4,http://www.vmovier.com/49660?from=index_new_img,2016/7/27,381,"看完还想看，听完还想听……额……点赞，点赞，点赞? 太酷了，创意特效满分。 这首歌叫什么 感X很有意境 自杀战队的感觉 小队 “当红影星吴亦凡” 我就喜欢这种看不懂的东西 不懂音乐的人表示画面不忍直视 看一群小p孩儿 认认真真搞事情，想到我们的卡尔~ 娜珂露露。。。 这么好的音乐为什么点击量少呢？我懵了。 没发现吧~ 3分07秒，好像是朝鲜大军 那好像是历史 就是不知道叫什么 很好听 少年之眼，大不同 挺酷，视频素材与动画穿插，有种人鬼共舞的炫感  特效做的很棒，动画结合得很好 精致，有想法 风格上很独树一帜 其实有部很久之前的电影“魔法奇缘”里就有动画和现实结合镜头…… 还有电影“Sin City”(""罪恶之城"")也是类似风格……很炫酷 偶，有点 "
123,美如梦幻延时摄影《大提顿》,旅行,7.6,http://www.vmovier.com/49626?from=index_new_img,2016/7/27,660,视频要怎样下载呢？ 音乐怎么找不到呢？ Soundcloud上搜 开阔心怀 妈蛋，最近眼神不是很好，上次把扁带看成扁担，这次又把提顿看成提莫。。。 每当看到亮丽的星空，我总会想起我的M78星云?? 超人，是你的咸蛋星球吗？ 第一次看延时摄影，有种想哭的冲动，自然，动物，人类能和谐是多美好的事。果然梦幻。 我们还有推荐过好多其他延时摄影，你可以搜关键字，都很美！ 5月份去黄石顺便去了大提顿公 ?? 大提顿果真是一个地名 感觉国外的延时摄影好多啊，我们中国就没这么美的景吗？ 不是成群的牛羊吗？怎么只有三两只？肯定是拍的时候吓跑了 我们的国家公园就没这么样的啊？ 再怎么设置公园 保护区 素质跟不上 还不是仅仅是一个丢垃圾的地 一同努力，会好的 哈哈哈哈哈哈 星空很赞！ 静静地感受，忽然有跳水的冲动…… 
124,杀手自嗨丧命幽默短片《唱歌的杀手》,搞笑,8,http://www.vmovier.com/49659?from=index_new_img,2016/7/27,1066,黄渤：我要我的音乐~~ 一般像这么中二的杀手只要两种――一种是变态，另一种就是智障 no zuo no dai 还好。 被封面骗了，我还真以为是光头哥唱歌?? 对不起，我不是故意的 请问大神，开头放的是什么歌 《what about love》 不务正业???? 不专业的杀手 找的真不错 no zuo no dai die 杀手遗言：怪只能怪这首歌太嗨！音乐太过迷人！ 这歌叫什么 《what about love》 我觉得片尾曲不应该加上去…… 啊？？ 专业课不及格 ………………狗，狗……那狗太赞惹…………??呜……(此处请自动脑补那小东西仰天长啸的画面)?????????? 唱到嗨处应该再打开前边的雨刷，并大喊“让我看到你们的双手！！！”就是戒不掉这个舞台风，怎么办？？ 唉，会唱歌的杀手不是一个好杀手。 没分清主业、副业，栽了 至少别拿杀手5的图片做封面。。。。 因为搜索杀手关键字，想选一个漂亮一点的封面，真没有别的意思，委屈 没关系，只是这个游戏比较出名 蟹！蟹！ ?????? 还蛮怀旧的杀手 像这种片子就得配乐好 
125,另类环保主题创意短片《挖掘机时代》,动画,7.8,http://www.vmovier.com/49585?from=index_new_img,2016/7/27,566,666 我估计蓝翔就是养这个的??2333333 一本正经的胡说八道 蓝翔统治世界了 泥够了 哈哈哈哈哈哈哈 可以，一本道 交配那段看得我尴尬症都犯了 话说好期待有下一集・・・如果还真的有的话・・・ 呵呵，有点无聊 快来冠名@山东蓝翔 这个想法真是不错，环保主题从另一个角度出发，我们似乎看到了一个新世界。 必须的 人类的好朋友、好帮手 01：38 感觉是人与自然！ 一本正经的胡说八道 太正经了，哈哈哈，奇思妙想的胡说八道 机械文明的初始阶段，不过有内涵、有深度。 唐国强笑而不语 沙发沙发 老外真是脑洞大啊！不过很有创意...jiaopeidejijie 
126,DC宇宙大集合《正义联盟》先导预告片,预告,7.3,http://www.vmovier.com/49666?from=index_new_img,2016/7/26,1209,哎呦！不错哟！ 来看小闪的 绿灯侠呢！！！？？？ 为什么没有沙赞！为什么没有沙赞！为什么没有沙赞！！ 闪电侠好帅！好喜欢闪电侠！超赞！ 帅，闪电侠这衣服！ 那是闪电侠？ 超人在《正义黎明》里死了。(is^ti) 哈哈哈哈，大超怎么可能这么容易死嘞，放心啦 证明你没注意到最后的镜头，而且还没看过漫画。坐等长发飘飘的超人。 海王 闪电侠 神奇女侠 蝙蝠侠 还有一个不知道叫什么了 接下来会有更多 漫画里面有 钢骨 首先，确实为正义联盟走向荧幕感到激动万分，但是还是有点失落的，蝙蝠侠和神奇女侠都不错，很喜欢，尤其神奇女侠，很对胃口，但是正如最开始的蜘蛛侠一样，还是习惯，还是喜欢，格兰特的闪电侠，美剧《闪电侠》男主，作为最快的闪电侠，当然希望他的表演是最好的，他的扮演非常出色，但是显然本剧导演不这样认为，其实都好，只是有点遗憾他不能扮演我喜爱的角色罢了 我说，你们不要先入为主啊，当初说大本演蝙蝠侠的时候也是一大堆人喷，正片出来还不是都跪舔？ 我觉得电影里的闪电侠挺帅的，而且也很可爱呢?? 。。。。 。 蝙蝠侠一个人就秒了妇联好吧。。?? 关妇联什么事。。。 这套路和妇联略像啊 还是喜欢电视剧中的闪电侠 同感，电视剧中的巴里最喜欢了，因为他给我一种早期蜘蛛侠的感觉，不装，更轻民，最重要更有侠，这个字的概念，而不是像绿箭侠一样 不懂那些只看了预告就说不喜欢电影艾伦的人，你们是有预知能力还是宇宙外貌协会来的 他们是先入为主协会的 有点喜翻儿 正义要联盟，是邪恶的东东多了吗 我你说 厉害了 
127,西班牙温情治愈短片《床垫》,剧情,7.7,http://www.vmovier.com/49552?from=index_new_img,2016/7/26,1133,感情问题，不是因为这张床能解决的，而是互相直接的体谅与关怀！彼此给到对方温暖，心就不会冷了 ！ PS:我没谈过恋爱！！！ 我也没 我也没 我也没（已经26了） 为什么我是刚好相反的啊！！以前没女朋友一个人睡的时候睡眠质量超好！！和女朋友同居以后他一直抱着我睡，睡眠质量就差了！！而且肩膀和手经常会酸痛，女朋友抢被子搞得我感冒都有鼻炎了！！！！这是电影与现实的差距啊！！！ 好了，知道你有女朋友了，下一位! 2333 666666 要不咱两换一换！用我的舒服换你的肩膀酸痛和鼻炎 大兄弟，谢谢你 客气了 你不懂一只单身狗的痛苦啊 前男友说，侧身睡是因为肾不好，分手的时候说的 原来我失眠是少了个床伴！~ 泪点低没好处…………以后出门之前不看类似视频了……耶！就这样愉快决定了? 可以 男女思维方式的差异，对待生活的不同态度 男女思维方式的差异，对待生活的不同态度 不错 习以为常会麻木 铺垫太长了，而且矛盾交锋不够厉害就转折结尾了。故事不错。 @vanay 看来艰苦一点的环境有利于感情培养 没有暖气、没有鸭绒被、没有两米的床，那就抱在一起彼此温暖 买个 小....床垫？？ 这么短还拍的这么细腻，佩服佩服~~~还有男主很帅 ?? 爱情需要保鲜，不要忘了最初的样子 所谓丈夫，就是一丈之外的夫 想起学生时代的爱情 似乎很有道理的 那个时候你是这样抱着我的，好暖 23！ 
128,哥伦比亚大型裸拍纪录片《凝聚一刻》,纪录,7.8,http://www.vmovier.com/49656?from=index_new_img,2016/7/26,360,最后大喊“德玛西亚”！ 马赛克估计是v电影后期的 1:42出现的手表真的好看 非是我邦，观念不同，在我们看来也许这样方式有失礼节，但是却也是直指人之本性的行为流露，还是为这些坚持自由平等相信生命，努力奋斗的哥伦比亚人赞一个！！ 为什么打马赛克嘞~ 裸体游行，我表示尊重，但是，方式欠妥，这不是你拍个短片讲个感人的段子就能改变的。 因裸拍两字点进来，却收获感动 有点想哭?? 意图是好的，不过还是不理解为什么是这种方式 呈现完全真实原本的自己 坦诚相见的意思 好牛~ 人类不能和平共处的根源在哪…… 利益的冲突 观念的冲突 就连一个人自己内心都有冲突 更何况来自不同的个体和集团 小到个人 大到国家 未来还有星球 星系之间的冲突 贪婪 失明居然和自己的好友有关，真是人生如戏 突然想到了《香水》后半段那一幕 那部真是惊世骇俗 闻道香水的人们全部当场享受性爱 后来我见过实拍真军不打码的 就是在一个日本仓库里 超过五百人 这样也行吗 在我朝不行 。。。。。。。。。。。 万恶的马赛克，这种片子也出现！ 自己的朋友在某些场合下是自己最大的敌手，好震撼 看前面一头雾水，原来…… 
129,墨菲定律黑色喜剧《一只苍蝇引发的血案》,搞笑,8.1,http://www.vmovier.com/49658?from=index_new_img,2016/7/26,1296,我说是苍蝇先动的手你信么。。。 哎呀，苍蝇咬了我鼻子一口！ 想起了印度神片《功夫小蝇》。这故事告诉我们，永远不要和苍蝇这种小玩意较劲。 看完第一时间的想法是：喂，110吗？这有只该死的苍蝇，赶紧来20万特警灭蓿 关墨菲什么事，就一暴躁狂 宝马，直接喷眼也不眨一下 大家快去看功夫小蝇啊 我觉得牙签一开场就是伏笔 真是蠢得没话说 好恶心 宝马 错在不开窗户 哈哈哈好逗比，这就是一个浅显易懂的比喻吧，如果觉得夸张的朋友请把这片子当成导演在用夸张的修辞手法跟你讲一个道理，结尾的这个宓拿婢吒了一个不错的收尾，还是不错的hhh 不得不说还行， 我好想看到了这是在黑宝马么 （声明：评论为正宗了河南话发音）这个男人很狂躁呀，……我看里都想弄死那只苍蝇………………不过没那么狂躁 有错别字 我把它吃掉 听到苍蝇的声音就全身发痒。。 苦命的人，呜呜呜，该看医生了 每次看评论都觉得评论关注错了重点。。不是主演情商低啊。好好看这个片子的节奏啊。。 情商太差 做什么都会失败 
130,纪念库布里克诞辰混剪《库布里克色彩世界》,混剪,7.4,http://www.vmovier.com/49663?from=index_new_img,2016/7/26,254,赞！ 只看过发条橙 奇爱博士呢。。。 可以不要放混剪了吗。。。太难看了 想问一下汤姆库鲁斯那个电影叫什么 大开眼界 太空漫游！ 只有红那个很棒 蓝色里有绿色乱入？ 红色这个还可以再研究下，复杂又迷人 红色，目眩迷人 配乐带感！ 库神作品量少，但是很多有非常有分量。 可以，这很库布里克 一边怕一边看，看完很喜欢，但是又不敢看第二遍 看第二遍就不怕了 犹记闪灵里的红色卫生间 库神！ 发条橙！！ 果然红色那个片子音乐更搭，燃了 感觉以前很多片子做出混剪反倒没有现在的片子混剪整体效果震撼，要放在整部片子里看才好，而且看整体的话真的是绝了 
131,外星人在纽约科幻佳作《鸳鸯大盗》,科幻,8.1,http://www.vmovier.com/49642?from=index_new_img,2016/7/26,401,胳膊肉都在破洞里看的到 为什么看着哪个女主角有点恶心 男主不是国土安全的男主吗？ 一开始说至少19秒我还以为说的是某个奇怪的事呢?? 哈哈哈，我想多了 吊胃口的 这是夸种族恋爱吗？ 我觉得她和那个男的不光光是盗窃上的搭档，感情上也比较暧昧 酷劲十足！赞 原来是一个三角恋的故事，哈哈哈 人和妖，什么鬼 女强男弱，哈哈哈哈哈哈 女主角说话的声音处理得好特别啊！ 丘百卡，哈哈哈哈 女主角真的是不在意别人的目光啊，感觉整个城市就她一个外星人 我说那个男演员怎样有点眼熟啊，《国土安全》里面也有他 对对的，看出来， 未来城市的设计蛮酷的 
132,慢节奏沉思混剪《速度与回响》,混剪,7.2,http://www.vmovier.com/49633?from=index_new_img,2016/7/26,497,感觉人声一出来，逼格降了 毁于旁白 总觉得差点意思，是声音吗，是字幕吗，是剪辑思路吗，是画面质量吗，是网路吗......在这些背面还有很多值得探索.....笑脸 什么意思？！这视频播放器是国外的吧？为什么那么卡？！！！！！！！！！！！！！！！！！！！！ 下班回来已经11点多，就像看几个短片休息一下，可是为什么这播放器*河蟹*这么卡？？？？？ 为什么好好的优酷不用？ 行，一直卡在6S，刷新了十几次！不看了，你们谁爱看谁看！ 用户体验差爆了！！！！ 页面美观又如何? V电影，你这是短片收集网站，最终目的还是让观众看到短片！ 的确，不过好像是这个源文件有点大 客官请息怒...我们的播放器可以提供更高清的服务，而且不需要看广告，所以有的作者就选择不用优酷了哈。源文件确实格式和大小有点超标，现在已经做了压制，您再看看？ 嗯嗯，现在不卡了。片子开头跟中间节奏剪辑的不错（尤其是开头那几S很棒），整体挑选的画面都很漂亮，色调跟主题比较搭。但是有几点个人觉得是不是可以做的更好点：第一，午后那段那两个日落+延时镜头可能不大好，我觉得他们应该放在夜晚的开头。其次，这个女配音差点意思，听起来没感觉，反而有点过于柔。该需要劲道儿配合其文案内容+画面的时候过于弱了（比如“滑翔跃起----表达xx态度”那段），配音实在是太柔、太平了，音效也不够力道。 嗯，可以了！辛苦~ 他的视频上传的是国外vimeo视频网站，是国外的视频网站。这和V电影有什么大的关系？ make 从哪找的高清无水印素材 BGM貌似来自电影《倾国之恋》 new cger. 慢节奏的思想，可以好好想，真好 模仿土耳其纪录片视频和英菲尼迪广告的，差点意思 土耳其延时摄影 这感觉真棒！柔柔的 好棒，比较好奇素材都从哪里来？ 为啥素材都没水印呢。 不是加了黑边了吗 有个神奇的东西，叫淘宝 
133,盖里奇新片《亚瑟王・圣剑传奇》首曝预告,预告,8,http://www.vmovier.com/49652?from=index_new_img,2016/7/25,539,在我心里，亚瑟王永远是女孩纸 女王吗 吾王！ 求别用日漫痴来恶心我 兄弟，我没叫你看呀！ 求BGM～(?y?) 明年才上映 自己剪一个就行了啊 我剪了46秒 背景音乐是什么呀 iiiiiiiiijiiiiiiiiiiii&iiii&&i 什么呀?_? 这是环太平洋男主吗！那必须赞一个！ 没有saber好看。。。 ex咖喱棒！ 帮派小王子越混越牛逼了  从《两只老烟枪》开始 到最近的《秘密特工》这导演从未让我失望 喜欢看他跟前妻麦当娜拍的那部宝马短片 克里夫欧文出演老司机 希望V电影小编找来分享一下 刚又看了一遍，《Star》超经典，不过以前看的时候认识克里夫欧文，但不认识麦当娜，哈哈哈哈，也是醉了。泉泉放心有好的机会一定会把片子拿出来分享哦。么么哒！ 求bgm！ 歌曲好好听，太短 bgm是什么啊 亚瑟王不是女生来的么 求别用日漫痴来恶心我1 贝克汉姆在哪？！ 没看见 哈哈哈，请期待电影哦！ 有点期待！亚瑟王的崛起之章！ 太帅了，bgm是什么 节奏好快！ 裘德洛的发际线太让人捉急了 一看预告片就知道是盖里奇的片子 
134,社交媒体情感危机短片《点赞》,剧情,7.8,http://www.vmovier.com/49612?from=index_new_img,2016/7/25,606,点赞不算撩吧，更多的是朕已阅的意思 小手一抖，朕已阅，别想多了 不就点个赞么，往往是无意识的好吧，评论才是动了心――嗯，这里是认真看了 猝不及防被发了粮…… 所以女主说的慢慢发展到底是什么意思？ 先做备胎考验下，看表现咯 我去，男主真2，最后那个moment居然不一步上前，拥女主入怀？！！！不是真爱！ 被爱的人有恃无恐 我感觉这片子很一般啊…… 我反正没看出戏 觉得好 点赞 ? 这是外国的约P软件…… 为什么要把虚拟的社交感情看得那么重？到头来，你会发现虚拟的是有多么空虚。 投身于现实的交际圈吧。 有故事的人 社交软件带来的交际危机 只能说社交上的感情，要比这个复杂的多了！ 精神出轨算不算出轨？ lj m.。家你。没pi。。。l哦？哦不会8陪你。。麻将麻将那你呢胡u就就没拿“年纪九毛九。 为什么会在撩你的时候同时撩别人，除了花心之外还是因为没有安全感 想到王菲的《不留》，身体给了你，心给了他 
135,分手后歪歪剧情片《吉赛尔》,爱情,7.5,http://www.vmovier.com/49473?from=index_new_img,2016/7/20,444,有时候会想既然思念为什么会分手，也许是因为不可调和的矛盾吧。比如你不爱我 没这么多吻戏多好 啊好讨厌让我想起了以前 寂寞---无处安放 难道导演不是想表现，吉米回忆了跟吉赛尔的温馨记忆后，想找一个女生重温在沙发上的感觉吗？（手动滑稽） 最后为啥会给别的女朋友打电话勒 心猿意马，有点渣 ........... “嗯，我们，分手吧” “嗯？” “咳，就是...我觉得我们之间，需要点时间...就是...” “分手？你刚才说 分手？” 啪！ 我只能说我嘴贱...... 哈哈哈 你这内心戏也是够丰富的 学动画的 必须可以~~ 最后还以为他跟前女友复合了！靠 少年脑洞太大 哈哈 
136,Emoji逗趣演绎疯狂动物城《疯狂表情城》,动画,7.9,http://www.vmovier.com/49605?from=index_new_img,2016/7/20,791,高技术啊！ Emoji Emjio emjio emjio 把这个系列的其他视频也放上来呗 666 哈哈哈 四分钟不到竟然看完了“疯狂动物城” 太有创意了！重要的是请了我客串一把！ ?????????? 非常有趣，很好的。 狐狸直接copy钱 ，本剧完。 你们这些钱串串……来，分点我～ 什么手机 这Emoji给我来一打~?? 3分钟看完2个小时的电影 好6啊 可以，这很动物园 哈哈哈哈哈哈，漫天遍野是我魔性的笑声～～ huohuohuo 
137,恶搞反派喜剧短片《出场的套路》,搞笑,7.9,http://www.vmovier.com/49602?from=index_new_img,2016/7/20,940,被最后一幕感动到 心痛的感动 装逼一分钟，套路十年功 有点感动呀.. 帅 萌上反派二人组，从此看电影为反派每一个转身鼓掌（汪峰脸）！ 反派的手下让人感动啊…心疼手( ??? ? ??? ) 好基友啊 确实搞笑，很有新意，视角独特！赞！ 哈哈哈！！！太棒了，！！ ??????装逼也要台下十年功呀?? 太有意思了。 多少小人物的血泪成就了一个大明星，眼泪-----哗哗哗 真心不错呀，哎哟~还有一丝小感动~~嘤嘤~~ 这年头当个反派也不容易，心酸。。。。。 爱上反派 666 有点意思。 太逗了 “超人的披风在空中飘逸，蜘蛛侠飞檐走壁，邦德西装笔挺一身傲气”还有一个...女特工的胸一定是D往上...... 好了不说了，讲下这部片子吧。 个人理解，特工系列在全球有了统一性“燕尾服、黑领结、手表、绅士、黑皮鞋、动作优雅、白衬衫从来都不会脏”，基于特工系列在全球影片的特殊标识的基础，使得特工系列V电影有很高的识别度，这类题材甚至是 手持华为荣耀的大学生都可以拍的（南海是中国的！只不过顺便说一句），剧情的无厘头颇有星爷的影子， 小角色的男主 对于成功的渴望 在成功的路上加上 让人深思题材来情节调节气氛，加大反差度[一见钟情] 如果我现在还在大学里...一定要找一群志同道合的小伙伴拍V电影......V电影招人么 招招招！简历大胆放心地招呼过来吧 hr@vmovier.com 我可是要去北京找你们的 来来来~！ 哈哈哈 
138,耐克解放女性运动广告《Da Da Ding》,广告,7.9,http://www.vmovier.com/49610?from=index_new_img,2016/7/20,408,"“无论你是谁，无论你身在哪里，选择一项自己喜欢的运动永远都不会有错"" 怒赞 背景地感觉是印度，女性在这个国家的受尊重度和解放度不言而喻了。 这只nike的阿迪影子好重 背景音乐都搜不到~ “NIKE 希望通过这一则广告，能够让更多人看到这些女性运动员的努力，并且提升她们的自信和形象。毕竟运动本身应该是平等而充满热血的，每一种付出都应该被尊重。”希望加在第一段后面 这个色调的，真棒 棒棒棒棒，运动之美 应该在45-50万美元 专业的看一下，这个片子值多少钱 45-50万美元 唯一的竞争对手就是自己，切莫懒惰，对健康不好---活着就要动，所以叫----活动 要想活就得动-----活动， 这次观赏中 我不由自主关注在剪辑上 剪辑师要对动作对口型对节奏点 甚至要一帧帧来调教 有些还要做慢镜头处理（不知拍摄前期是否用了升格）那么多素材穿插得当 剪辑师厉害 幕后英雄！  哈哈，表情帝！ 标准完美的运动动作，运动节奏与音乐节奏:-(和谐。 谁知道这个配乐叫什么啊 好喜欢 耐克爸爸的 Da Da Ding ；） 洗脑循环中~ 绝对的， 药效强烈 比之前锐步的那支广告好 哈哈哈，广告里的老爷们儿都靠边站了 帅帅的，女汉子好威猛， 小妖精动起来；） 拉力跑和羽毛球那个，好牛 我喜欢羽毛球的杀球动作--->漂亮 你是不是羽毛球高手啊！ 酷爱 姑娘们都好Tough! "
139,冰火两重天之《扁带上的飞跃》,运动,7.8,http://www.vmovier.com/49598?from=index_new_img,2016/7/20,481,求BGM BGM 什么是扁带 好厉害，好想尝试一次 玩得嗨，可点火的部分，是不是有点不环保???? 德文格雷厄姆的小斯用的实在是出神入化啊 有机会一定要体验一下，在扁带上飞得感觉 喜欢这种feel，求BGM 虽然有些跳大绳的直视感，但是看着好爽啊 冰火两重天那段视觉效果很好 极限运动也能大众化就好了，有一颗冒险的心，却没了冒险的胆 像这种有组织的一起玩真的好爽，独乐了不如众乐乐 如果说高空走钢丝是为了找刺激，这个走扁带看着要安全很多啊 弹弹弹，弹走鱼尾纹 好欢乐的样子 歪果仁真会玩 我就想知道BGM叫啥。。。。 在扁带上点火那段，就不怕突然烧断吗？ 第一眼看到标题，以为是扁担，好奇怎么会在扁担上飞跃。。。。。。。 哈哈哈，扁担戳中笑点 只想表示，好叼 
140,DC反派英雄联盟《X特遣队》终极预告,预告,7.5,http://www.vmovier.com/49601?from=index_new_img,2016/7/19,693,明天了 这个是还没播出来吗 很期待小丑女呀，演好了绝对圈粉，就像deadpool 一样 各位请在00:50的地方暂停一下 看不出什么？ 蝙蝠车？ 很正常蝙蝠车，建议你去看看哈莉的身世就知道了 噢，谢谢 希望国内别上啊 封面。。我要封面 估计国内会被删减 期待ing 不错噢~ 可以这很敢死队 剧情取材于蝙蝠侠突袭阿卡姆游戏，不知道比敢死队早多少年 这个电影的游戏也不错 大陆肯定是上映了就是没有定档。国内已改名x特遣队 国外的花俐猴 ？ 话说...两个多小时前在Youtube 看完... 听到Queen的波西米亚狂想曲，整个人都亢奋了 分级竟然是PG13而已 真不过瘾 R级不好过吗 
141,美轮美奂气象奇观延时摄影《夜光云》,纪录,8.1,http://www.vmovier.com/49591?from=index_new_img,2016/7/19,745,没见过啊 就是太闪了，没去闪烁 非常震撼心灵 有幸观之 我大70D也能拍 “夜光云”……好美的名字……………………对于一个喜欢看天的家伙来说真是极是喜欢……“天空中有无数的颜色，每一种都会难以猜测” ? 悠悠然，看云卷云舒，神仙也 下回我看看能不能把帝都雾霾拍的唯美一些 向往这种地方，但可惜可能一辈子也到不了这些地方 美 求告诉背景音乐 因为是自制的，一般都找不到线索，喜欢的话可以点开视频多看几次哈 怪不得昨天用手机摇了6次，竟然摇出6首歌 美好啊，记住啦，去丹麦！?? 求bgm～ 干得漂亮！ 唯一美中不足的是字幕加的不好看 我还加了老半天，一定改进 所以像我们中低纬度的旁友们就无福消受咯 夜光云是我等有福气看到的吗？ 哇塞，美得无法言喻 美不美？ 超美???????? 对不对？超对！ 
142,精巧构思获奖悬疑短片《好的，妈妈》,剧情,8.2,http://www.vmovier.com/49586?from=index_new_img,2016/7/19,825,从男孩电话的语气，可以感受到，故事不好的结局。而开车的人和车上其他人的狂欢，似乎注定了悲惨的结局――乐极生悲。短短两分钟的时间，带来如此的震撼，不得不说，导演很棒。 哇塞狠棒，第二遍才懂 能打电话为什么不直接求救？？！！！ 怎么可能来得及 看了好几遍终于看懂。。汗。。泡水前和泡水后的司机原来是同一个人，我天，竟然有人伤心和开心的样子是两张脸 智商露馅了?? 猜到结局 因为在车上的狂欢而导致了坠入水，交代了原因，不时有隐镜头敲击玻璃！完美 时间短，很精髓 打电话时候已经掉河里了，跟没掉之前混剪，非常棒！死之前才想给妈打电话，让他不好好学习出去玩！ 6 …… 只有我一个人觉得一开始到结束都有点阴森吗？ 一冷一暖 是不是表示的发生事故的前后对比。其实开头就已经表明了结局 剪辑手法好棒，学习了！ 厉害 安全没有万一，万一就是唯一 诗意三部曲第三部《REQUIEM》的男主角。 沉水里了 安全驾驶人人有责 两分钟的剧情，几句对话，几个镜头...却那么震撼！短片佳作，赞赞！！ 没看懂怎么办 哎呀，这智商把人急得（??开玩笑哈） 
143,宝矿力水特2016主题曲《加油篇・感谢篇》,广告,8.3,http://www.vmovier.com/49590?from=index_new_img,2016/7/19,517,实在是好漂亮的妹纸。。 人海，喷泉，湿身，宝矿力水特三要素 流畅的舞蹈动作，标志性的水手服，高质量的作品。广告的标志模糊掉了，让人感觉就像是看V电影~~ 仅广告片一项，就可以看到我天朝和霓虹国的差距了。 好中二日本风 好燃呐！ 好帅啊 。。wp第三方客户端，只显示第一个视频???? 你多点两次试试，我试了WP可以打开，如果还是不行我再报给技术 在wp客户端上只有上面一个视频，试了好几次了，只有一个视频。 感谢您的反馈，已经上报技术，会尽快解决这个BUG 我们的WP客户端已经停止版本更新了，可能会出现意料外的BUG，所以，小编只能建议你手机换换换起来！ 谁知道主题曲叫什么 2篇的主题曲是什么啊 很有夏天的味道 音乐节奏朗朗上口，很棒啊 扑面而来的青春，热血沸腾的生命，必须 比起某些忸怩的饮料广告 呵呵 有人有着两首歌的歌曲吗？ 这剪辑，白瞎了前期这么多的素材。 看到你这么评论，我就知道你并非什么大神……这个剪辑，很好，我表示 你沉下心看看两段片子，男生的挺好，节奏狠恰当，女生的却很刻意。两个片子我个人觉得是两个档次的剪辑。然后，我哪里像大神了？ 大神，我咋在这没看到你的作品呢 从个人角度来说，我也更喜欢男生版的剪辑，因为切换更自然、叙事更完整，而女生版则显得又些零碎，一些镜头之间过渡太大，甚至有些让人晕眩，（当然，这和女生版里有加入往年的广告片段有关），想要表达的东西太多，反而显得杂乱了 只是个人观点，小编对影视剪辑是个门外汉，欢迎大家围观吐槽，虚心听取各位的意见?? 一碗鸡汤 一直把宝矿力当成是日本的脉动，现在看来人家的广告比咱的脉动高两个level 高两个level-----不止吧，唉 也许是因为……logo要大！ 脉动是状态不佳，广告坑到下家。 少女大法好，哈哈哈哈 男生版和女生版，对年轻人的定位很准啊 
144,憨傻羊驼萌趣动画《浆果大作战》,动画,7.6,http://www.vmovier.com/49581?from=index_new_img,2016/7/19,875,耐看。。。期待 好虐心啊，像看韩剧一样 我看到了冰河世纪的影子~ 小企鹅好可爱啊 看过了啊 安利冰河世纪里的松鼠 想起了冰河世纪的松鼠 看到最后就像片尾的星空一样……璀璨温暖 分享和陪伴的结局，感动，温暖 ……只有童话和动漫里才会有这样的结局……想想好累 有时候你不经意的举动，就可能影响到身边的人。 咋这悲催呢！！嗯？ 虐不虐？你就说虐不虐？ 怎么挺想看他受虐的～～～哈哈哈 就喜欢“大作战”的豪气和风趣 萌萌哒 俗称：草泥马 爆浆的浆果看起来好有感啊，搞得我要想吃啊啊啊 好玩 萌萌哒 hahahsofunny 小企鹅也可 i 爱呢 好羊有好报?? 驼去哪了？ “草泥马”好可爱，没有在骂人啊 草泥马真的好可爱 
145,想象力全开湿纸巾广告《不平凡的如厕故事》,广告,7.5,http://www.vmovier.com/49594?from=index_new_img,2016/7/19,983,将一段难以启齿的事件，从感官层面入手，细致入微地体验每一个舒适体验环节，在未使用产品条件下，将产品的功能价值自然融入受众感官和思维，十分值得借鉴。 有点儿意思哈 曲名Por Una Cabeza(一步之遥)是一首著名的西班牙探戈歌曲，后成为电影《闻香识女人》中经典的舞曲片段的音乐，失明的弗兰克中校与素不相识的女孩翩翩起舞，自信的步伐将探戈的魅力呈现给观众。这首华丽而高贵动人的探戈名曲，是阿根廷探戈舞曲的极致代表。 一个大便广告 这就是主页作品的力量？ 竟然可以用湿纸巾擦屁股，第一次有这样的概念 这广告形象且非常合适啊 创业好棒！ 创意和剪辑实在是太棒了 尿了?????? 哈哈哈哈哈，好诺牧想 神作，满分，哈哈 哈哈哈… 哈哈哈哈哈哈哈哈哈哈哈哈哈哈哈哈哈哈哈哈哈哈哈 隐喻象征蒙太奇 两年前就已经这样两种结合一起用了，哈哈?? 离不开-----水，哈哈哈， 还有美剧《性爱大师》的片头也是这种手法 对！ 哈哈有点意思 烂 
146,大气磅礴延时摄影《上海》,旅行,7.9,http://www.vmovier.com/49511?from=index_new_img,2016/7/18,1548,在此感谢大家的指教，V电影分享过很多优秀的延时摄影作品，这篇肯定不是最优秀的。小编评出8分也有些私心，上海这座城市是中国的经济发展的杰作，她值得更多人用更有心的镜头语言来表达她。我也希望以后能在V电影看到更多咱们中国人记录下来的中国美景，小编一样会尽全力让更多人看到，再次感谢！ 讲真。。拍的很一般。。 我也这么觉得~ 精彩！???????????? 一般不是太繁华 一般般，没什么感觉 咋样下载素材， 我有点诧异 诺大的上海市延时就差不多围着陆家嘴那一带或者高空了。 不过像素高得吓人 看得有点头皮发麻，那高空延时拍摄感觉人类就像蝼蚁。 这样保存在手机里，手机里查不到啊 怎么可以下载保存到我手机上？ 背景乐和画面…………额…额……额………… 一般 这拍的 什么鬼！是个延时都上8.0分以上？ 一般 看多了延时 麻木了。北京音乐一如既往的大气磅礴 很一般吧 角度还是不错的，但是完全感觉不到剪辑的那个亮点 都是第一次去上海，去过的地方，看到每个镜头，印象很深刻 难道上海的人真的都很排外吗？ 太帅了 
147,史丹利的寓言真人版黑色幽默短片《杰克》,剧情,7.7,http://www.vmovier.com/49583?from=index_new_img,2016/7/18,501,门牙出戏233333 像一部电影《笔下求生》 可以叫《编剧笔下的人物》哈哈 这短片不错，8分钟讲了好多东西。。。 很喜欢史丹利预言这个游戏，这个设定除了像楚门的世界还有点像逃出克隆岛和源代码明日边缘 精彩的生活不是看别人怎么精彩的活，更是不是想象自己活得多么精彩，而是让自己尽量活得有故事，有价值！ 楚门的世界 好一句做了选择就是选择了自由 史丹利预言啊，哈哈 史丹利的寓言，傲娇男旁白 好久以前玩过的，没想到还有真人版，游戏超有意思 因为生活太无聊么?? 黄土地黑土地，施肥就用史丹利！ 你萌这群打广告的 大大的黑色幽默啊 史丹利复合肥 “做了选择，就选择了自由”，多么存在主义的诡辩 男演员有点憨憨傻傻的 啊 听过类似的 小编你视频和标题不符 这个视频是富家千金的堕落史，一封家书 小编错了，小编已经改过来了，谢谢你哟～ 有玩过游戏的吗／来聊 
148,绝对真心话采访短片《韩国女生大胆应对固有偏见》,纪录,7.9,http://www.vmovier.com/49561?from=index_new_img,2016/7/18,399,这才是韩国女性的平均颜值吧 差不多 颜值不是印象中那么韩国，但挺坦诚挺可爱的 怒赞 她们画的妆真的是一样。不过现在很多中国姑娘也是那种韩妆 这几个女生挺有趣哈哈 说什么 哈哈哈 呵呵 很好 韩国女性皮肤太好了！ 好丑，原谅我直言不讳 好丑 那个长的那么像朴信惠的，居然说她没整容？！ 哈哈哈，加个测谎环节  地 怎么看着都像吃泡菜吃肿了.. 哈哈，像 最后一句2333333 整容这个问题算是逃不掉了 还是挺诚恳的 其中有个女生好豪放啊 哈哈哈哈，其实全世界都挺喜欢议论别人，对别人品头论足的 韩娱现在太猛了 大部分韩国女生还是比较腼腆 喜欢哪个大大咧咧的妹纸 
149,萌宠冒险动画短片《小飞狗》,动画,7.5,http://www.vmovier.com/49471?from=index_new_img,2016/7/18,276,我好方 好像小米的吉祥物?? 飞翔的梦想，人狗皆同呀 狗要是没有梦想，那和废柴有什么区别呢！ 海边的风车王国 哈哈，这狗有点方啊 同样是学生作品，自愧不如啊 一只想成为飞行员的狗 的 还有史努比 虎头虎脑的蠢萌汪星人 画风很细腻，就是剧情有些简单，看了开头就能猜到结局 画面给人的感觉很好，剧情有点简单了 画风好萌 
